dispName,scoreName,team,innings,batAvg,batSR,careerBalls,bowlAvg,bowlEcon,bowlSR,batHand,bowlType
0,Mohammad Sanuth,ME Sanuth,OMAN,2,23.00,117.94,1189.0,52.61,4.77,66.0,Left-hand bat,Right-arm offbreak
1,Nosthush Kenjige,NP Kenjige,USA,3,7.00,116.66,2081.0,22.71,2.55,53.3,Right-hand bat,Slow left-arm orthodox
2,Aamer Yamin,Aamer Yamin,PAK,3,95.00,98.95,5011.0,35.82,3.38,63.4,Right-hand bat,Right-arm medium
3,Aamir Kaleem,Aamir Kaleem,OMAN,1,13.00,81.25,450.0,46.33,3.70,75.0,Left-hand bat,Slow left-arm orthodox
4,Aarif Sheikh,Aarif Sheikh,NEPAL,9,16.25,52.63,3015.0,59.75,3.32,107.6,Right-hand bat,Right-arm medium
5,Varun Aaron,VR Aaron,INDIA,3,8.00,53.33,6892.000000000001,29.39,2.53,69.6,Right-hand bat,Right-arm fast
6,Aaron Jones,Aaron Jones,USA,13,34.66,64.39,-,-,-,-,Right-hand bat,Legbreak googly
7,Josephat Ababu,JS Ababu,KENYA,4,9.00,40.00,528.0,123.66,4.21,176.0,Right-hand bat,Right-arm fast-medium
8,Kyle Abbott,KJ Abbott,SA,13,8.44,60.31,1394.0,32.45,3.35,58.0,Right-hand bat,Right-arm fast-medium
9,Sean Abbott,SA Abbott,AUS,1,3.00,42.85,166.0,16.33,3.54,27.6,Right-hand bat,Right-arm fast-medium
10,Abdullah Mazari,Abdullah Mazari,AFG,1,3.00,18.75,190.0,17.50,3.31,31.6,Left-hand bat,Slow left-arm orthodox
11,Abdul Jabbar,Abdul Jabbar,CAN,2,29.50,71.95,99.99999999999999,-,3.24,-,Right-hand bat,Right-arm medium
12,Abdul Razzaq,Abdul Razzaq,Asia/PAK,170,31.11,86.02,2441.0,35.97,3.53,61.0,Right-hand bat,Right-arm fast-medium
13,Abdul Rehman,Abdul Rehman,UAE,1,1.00,7.69,-,-,-,-,Right-hand bat,-
14,Abdul Shakoor,Abdul Shakoor,UAE,3,18.00,52.94,-,-,-,-,Right-hand bat,-
15,Abdur Rauf,Abdur Rauf,PAK,-,-,-,344.0,47.40,4.13,68.8,Right-hand bat,Right-arm fast-medium
16,Abdur Razzak,Abdur Razzak,BDESH,97,13.43,76.37,54.0,49.00,5.44,54.0,Left-hand bat,Slow left-arm orthodox
17,Abdur Rehman,Abdur Rehman,PAK,23,8.35,53.99,874.0,45.55,2.81,97.1,Left-hand bat,Slow left-arm orthodox
18,Abid Ali,Abid Ali,PAK,4,47.75,97.44,3158.9999999999995,52.83,3.71,85.3,Right-hand bat,Legbreak
19,Abul Hasan,Abul Hasan,BDESH,3,3.66,68.75,-,-,-,-,Left-hand bat,Right-arm medium-fast
20,Abu Hider,Abu Hider,BDESH,1,1.00,9.09,48.0,-,3.50,-,Right-hand bat,Left-arm fast-medium
21,Abu Jayed,Abu Jayed,BDESH,-,-,-,1200.0,31.90,3.19,60.0,Right-hand bat,Right-arm fast-medium
22,Mark Adair,MR Adair,IRE,11,18.00,95.29,-,-,-,-,Right-hand bat,Right-arm fast
23,Andre Adams,AR Adams,NZ,34,17.45,100.47,261.0,-,5.08,-,Right-hand bat,Right-arm fast-medium
24,Jimmy Adams,JC Adams,WI,10,22.00,58.86,216.0,27.20,3.77,43.2,Left-hand bat,Slow left-arm orthodox
25,Paul Adams,PR Adams,SA,2,39.00,49.36,10972.0,36.59,3.62,60.6,Right-hand bat,Slow left-arm chinaman
26,Adeel Raja,Adeel Raja,NL,12,2.80,20.14,1103.0,118.16,3.85,183.8,Right-hand bat,Right-arm offbreak
27,Adnan Akmal,Adnan Akmal,PAK,4,20.66,69.66,1015.9999999999999,60.55,3.21,112.8,Right-hand bat,-
28,Adnan Mufti,Adnan Mufti,UAE,16,27.50,80.68,-,-,-,-,Left-hand bat,Right-arm medium
29,Afif Hossain,Afif Hossain,BDESH,1,7.00,175.00,-,-,-,-,Left-hand bat,Right-arm offbreak
30,Afsar Zazai,Afsar Zazai,AFG,16,17.60,54.09,-,-,-,-,Right-hand bat,-
31,Aftab Ahmed,Aftab Ahmed,BDESH,85,24.73,83.04,150.0,105.00,4.20,150.0,Right-hand bat,Right-arm medium
32,Aftab Alam,Aftab Alam,AFG,17,11.42,74.76,198.0,149.00,4.51,198.0,Right-hand bat,Right-arm medium-fast
33,Afzaal Haider,Afzaal Haider,HKG,4,7.33,42.30,185.0,13.16,2.56,30.8,Right-hand bat,Right-arm medium
34,Ragheb Aga,RG Aga,KENYA,9,16.66,71.77,54.0,-,4.11,-,Right-hand bat,Right-arm medium-fast
35,Ashton Agar,AC Agar,AUS,11,21.00,89.15,-,-,-,-,Left-hand bat,Slow left-arm orthodox
36,Ajit Agarkar,AB Agarkar,INDIA,74,13.80,77.74,1302.0,41.18,3.03,81.3,Right-hand bat,Right-arm fast
37,Mayank Agarwal,MA Agarwal,INDIA,3,12.00,92.30,33163.0,26.85,2.86,56.3,Right-hand bat,-
38,Khaleel Ahmed,KK Ahmed,INDIA,3,4.50,52.94,408.0,55.00,4.04,81.6,Right-hand bat,Left-arm medium
39,Ahmed Raza,Ahmed Raza,UAE,26,12.95,56.66,348.0,-,5.29,-,Right-hand bat,Slow left-arm orthodox
40,Ahmed Shah,Ahmed Shah,AFG,1,2.00,20.00,-,-,-,-,Left-hand bat,Slow left-arm orthodox
41,Ahmed Shehzad,Ahmed Shehzad,PAK,81,32.56,72.08,2040.0,30.11,3.01,60.0,Right-hand bat,Legbreak
42,Ahsan Malik,Ahsan Malik,NL,5,-,51.85,66.0,24.00,2.18,66.0,Right-hand bat,Right-arm medium-fast
43,Aijaz Ali,Aijaz Ali,USA,2,2.50,45.45,1008.0,62.88,3.36,112.0,Right-hand bat,Right-arm medium-fast
44,Dipendra Singh Airee,DS Airee,NEPAL,10,17.66,68.83,338.0,42.00,2.98,84.5,Right-hand bat,"Right-arm medium, Right-arm offbreak"
45,Kamal Singh,KS Airee,NEPAL,1,-,150.00,252.0,54.00,2.57,126.0,Right-hand bat,Right-arm medium
46,Aizaz Khan,Aizaz Khan,HKG,15,20.00,69.51,298.0,86.00,3.46,149.0,Right-hand bat,Right-arm medium-fast
47,Aizaz Cheema,Aizaz Cheema,PAK,6,8.66,57.77,12.0,-,8.00,-,Right-hand bat,Right-arm medium-fast
48,Akram Khan,Akram Khan,BDESH,9,20.00,47.12,19586.0,25.43,2.84,53.6,Right-hand bat,Right-arm medium
49,Akshay Homraj,Akshay Homraj,USA,8,19.87,71.30,-,-,-,-,Right-hand bat,-
50,Alawi Shukri,Alawi Shukri,UAE,1,1.00,33.33,2075.0,35.63,2.26,94.3,Left-hand bat,Right-arm offbreak
51,Graeme Aldridge,GW Aldridge,NZ,-,-,-,667.0,52.57,3.31,95.2,Right-hand bat,Right-arm fast-medium
52,Rohan Alexander,RP Alexander,USA,2,17.00,45.33,-,-,-,-,Left-hand bat,Right-arm offbreak
53,Kabir Ali,Kabir Ali,ENG,9,15.50,86.11,-,-,-,-,Right-hand bat,Right-arm medium-fast
54,Moeen Ali,MM Ali,ENG,83,25.84,104.08,326.0,51.66,2.85,108.6,Left-hand bat,Right-arm offbreak
55,Ali Asad,Ali Asad,UAE,2,21.00,44.68,853.9999999999999,76.37,4.29,106.7,Right-hand bat,Right-arm fast-medium
56,Ali Khan,Ali Khan,USA,1,3.00,27.27,204.0,21.25,2.50,51.0,Right-hand bat,Right-arm fast-medium
57,Duncan Allan,DI Allan,KENYA,5,14.20,46.40,-,-,-,-,Right-hand bat,Right-arm medium-fast
58,Fabian Allen,FA Allen,WI,12,15.88,110.00,48.0,-,2.12,-,Right-hand bat,Slow left-arm orthodox
59,Alok Kapali,Alok Kapali,BDESH,66,19.60,67.96,-,-,-,-,Right-hand bat,Legbreak
60,Al-Amin Hossain,Al-Amin Hossain,BDESH,7,2.00,20.00,366.0,67.66,3.32,122.0,Right-hand bat,Right-arm medium-fast
61,Al Sahariar,Al Sahariar,BDESH,24,10.91,51.47,-,-,-,-,Right-hand bat,Legbreak
62,Aman Ali,Aman Ali,UAE,1,0.00,0.00,-,-,-,-,Right-hand bat,Left-arm fast-medium
63,Sunil Ambris,SW Ambris,WI,12,44.70,97.17,660.0,79.00,3.59,132.0,Right-hand bat,-
64,Tim Ambrose,TR Ambrose,ENG,5,2.50,29.41,1755.9999999999998,37.18,3.43,65.0,Right-hand bat,-
65,Ishara Amerasinghe,MKDI Amerasinghe,SL,4,-,66.66,6.0,-,8.00,-,Right-hand bat,Right-arm fast-medium
66,Charles Amini,CJA Amini,PNG,15,21.14,68.83,612.0,114.33,3.36,204.0,Left-hand bat,Legbreak
67,Chris Amini,CR Amini,PNG,1,-,100.00,12.0,-,2.50,-,Right-hand bat,Right-arm medium
68,Aminul Islam,Aminul Islam,BDESH,2,16.50,71.73,-,-,-,-,Right-hand bat,Right-arm offbreak
69,Amir Hayat,Amir Hayat,UAE,6,10.33,42.46,1026.0,34.62,3.23,64.1,Right-hand bat,Right-arm medium
70,Amir Hamza,Amir Hamza,AFG,16,3.28,24.46,426.0,53.75,3.02,106.5,Right-hand bat,Slow left-arm orthodox
71,Amjad Ali,Amjad Ali,UAE,17,30.58,76.47,762.0,49.00,2.70,108.8,Left-hand bat,Legbreak
72,Amjad Javed,Amjad Javed,UAE,13,19.91,89.51,2401.0,48.82,3.41,85.7,Right-hand bat,Right-arm medium
73,Hashim Amla,HM Amla,SA,178,49.46,88.39,6.0,-,4.00,-,Right-hand bat,"Right-arm medium, Right-arm offbreak"
74,Anamul Haque,Anamul Haque,BDESH,35,30.05,70.69,1713.9999999999998,60.93,3.19,114.2,Right-hand bat,-
75,Corey Anderson,CJ Anderson,NZ,45,27.72,108.72,-,-,-,-,Left-hand bat,Left-arm medium-fast
76,John Anderson,J Anderson,IRE,8,18.87,56.55,96.0,61.00,3.81,96.0,Right-hand bat,Right-arm offbreak
77,James Anderson,JM Anderson,ENG,79,7.58,48.66,-,-,-,-,Left-hand bat,Right-arm fast-medium
78,Joseph Angara,JO Angara,KENYA,8,2.75,29.72,406.00000000000006,59.33,2.63,135.3,Right-hand bat,Right-arm medium-fast
79,Ankur Vasishta,Ankur Vasishta,HKG,4,12.00,52.17,108.0,76.00,4.22,108.0,Right-hand bat,Right-arm offbreak
80,Zafar Ansari,ZS Ansari,ENG,-,-,-,-,-,-,-,Left-hand bat,Slow left-arm orthodox
81,Anshy Rath,Anshuman Rath,HKG,18,51.75,76.66,7320.999999999999,39.10,2.78,84.1,Left-hand bat,Slow left-arm orthodox
82,Anwar Ali,Anwar Ali,PAK,16,29.18,87.46,90.0,-,3.13,-,Right-hand bat,Right-arm medium-fast
83,Anwar Hossain Monir,Anwar Hossain Monir,BDESH,1,-,0.00,258.0,46.25,4.30,64.5,Right-hand bat,Right-arm fast-medium
84,Anwar Hossain,Anwar Hossain,BDESH,1,42.00,39.25,78.0,92.00,7.07,78.0,Right-hand bat,-
85,Amila Aponso,MA Aponso,SL,7,3.33,22.22,1259.0,33.43,2.54,78.6,Right-hand bat,Slow left-arm orthodox
86,Aqib Ilyas,Aqib Ilyas,OMAN,11,69.00,80.85,3716.0000000000005,40.19,3.69,65.1,Right-hand bat,"Right-arm offbreak, Legbreak googly"
87,Arafat Sunny,Arafat Sunny,BDESH,11,12.00,52.17,2557.0,29.57,3.40,52.1,Left-hand bat,Slow left-arm orthodox
88,Vriitya Aravind,V Aravind,UAE,6,14.66,88.00,558.0,28.00,3.01,55.8,Right-hand bat,-
89,Jofra Archer,JC Archer,ENG,7,3.25,59.09,1174.0,26.50,2.16,73.3,Right-hand bat,Right-arm fast
90,Ariful Haque,Ariful Haque,BDESH,-,-,-,438.0,48.50,3.98,73.0,Right-hand bat,Right-arm medium-fast
91,Russel Arnold,RP Arnold,SL,121,33.34,71.48,450.0,86.00,3.44,150.0,Left-hand bat,Right-arm offbreak
92,Arshad Ali,Arshad Ali,UAE,4,13.50,52.94,1934.0,30.64,3.23,56.8,Right-hand bat,Legbreak
93,Arshad Khan,Arshad Khan,PAK,3,-,73.68,8067.0,37.17,3.23,68.9,Right-hand bat,Right-arm offbreak
94,Asad Ali,Asad Ali,PAK,2,6.50,81.25,552.0,56.66,3.69,92.0,Right-hand bat,Right-arm medium-fast
95,Asad Shafiq,Asad Shafiq,PAK,58,24.74,67.50,114.0,-,3.73,-,Right-hand bat,Right-arm offbreak
96,Asghar Afghan,Asghar Afghan,AFG,105,24.54,66.72,324.0,97.00,3.59,162.0,Right-hand bat,Right-arm medium-fast
97,Asghar Ali,Asghar Ali,UAE,2,7.00,26.41,3173.0,37.05,3.71,59.8,Right-hand bat,-
98,Ashfaq Ahmed,Ashfaq Ahmed,UAE,16,21.50,88.88,18.0,-,4.33,-,Right-hand bat,Right-arm offbreak
99,Ravichandran Ashwin,R Ashwin,INDIA,61,16.07,86.98,6849.0,47.64,3.17,90.1,Right-hand bat,Right-arm offbreak
100,Asif Ali,Asif Ali,PAK,14,27.76,128.92,2401.0,25.92,3.23,48.0,Right-hand bat,Right-arm medium-fast
101,Asif Iqbal,Asif Iqbal,1),1,8.00,100.00,3372.0,22.09,3.41,38.7,Right-hand bat,-
102,Asim Saeed,Asim Saeed,UAE,2,6.00,63.15,434.0,290.00,4.00,434.0,Right-hand bat,Left-arm medium
103,Nathan Astle,NJ Astle,NZ,99,35.55,72.75,78.0,20.50,6.30,19.5,Right-hand bat,Right-arm medium
104,Todd Astle,TD Astle,NZ,5,26.33,102.59,1017.0000000000001,33.70,3.38,59.8,Right-hand bat,Legbreak
105,Simon Atai,SK Atai,PNG,1,24.00,42.10,8.0,6.00,4.50,8.0,Left-hand bat,-
106,Marvan Atapattu,MS Atapattu,SL,151,38.25,68.94,14874.0,27.65,2.97,55.7,Right-hand bat,Legbreak
107,Jamie Atkinson,JJ Atkinson,HKG,9,27.77,62.81,4984.0,38.83,3.36,69.2,Right-hand bat,-
108,Azhar Ali,Azhar Ali,PAK,53,36.90,74.45,1110.0,42.08,2.72,92.5,Right-hand bat,Legbreak
109,Azhar Mahmood,Azhar Mahmood,PAK,36,17.23,77.24,252.0,124.00,2.95,252.0,Right-hand bat,Right-arm fast-medium
110,Stephan Baard,SJ Baard,NAM,8,19.87,55.59,1021.0,60.00,3.17,113.4,Right-hand bat,Right-arm medium-fast
111,Babar Azam,Babar Azam,PAK,72,54.17,87.08,408.0,242.00,3.55,408.0,Right-hand bat,Right-arm offbreak
112,Babar Hayat,Babar Hayat,HKG,22,39.20,78.47,1940.0,57.94,3.22,107.7,Right-hand bat,Right-arm medium
113,Adam Bacher,AM Bacher,SA,5,20.40,58.28,6466.000000000001,39.83,3.17,75.1,Right-hand bat,Right-arm medium
114,Badal Singh,Badal Singh,OMAN,1,5.00,41.66,6.0,-,2.00,-,Left-hand bat,Slow left-arm orthodox
115,Hemang Badani,HK Badani,INDIA,29,29.90,71.68,188.0,67.50,4.30,94.0,Left-hand bat,Slow left-arm orthodox
116,S Badrinath,S Badrinath,INDIA,6,15.80,45.93,450.0,85.00,2.26,225.0,Right-hand bat,Right-arm offbreak
117,Ashish Bagai,A Bagai,CAN,60,37.76,65.57,4674.0,32.73,3.02,64.9,Right-hand bat,-
118,Sairaj Bahutule,SV Bahutule,INDIA,1,11.00,84.61,28440.0,27.94,2.95,56.7,Left-hand bat,Legbreak
119,Harvir Baidwan,HS Baidwan,CAN,22,14.66,64.89,-,-,-,-,Right-hand bat,Right-arm medium
120,George Bailey,GJ Bailey,AUS,85,40.58,83.51,-,-,-,-,Right-hand bat,Right-arm medium
121,Jonny Bairstow,JM Bairstow,ENG,70,47.14,104.50,-,-,-,-,Right-hand bat,Right-arm medium
122,Lionel Baker,LS Baker,WI,4,6.50,56.52,66.0,52.00,4.72,66.0,Left-hand bat,Right-arm medium-fast
123,Lakshmipathy Balaji,L Balaji,INDIA,16,12.00,78.94,3080.9999999999995,20.33,2.69,45.3,Right-hand bat,Right-arm medium-fast
124,Balaji Rao,WD Balaji Rao,CAN,8,7.37,66.29,-,-,-,-,Left-hand bat,Legbreak googly
125,Andy Balbirnie,A Balbirnie,IRE,64,31.83,75.49,-,-,-,-,Right-hand bat,Right-arm offbreak
126,Jake Ball,JT Ball,ENG,6,9.50,77.55,-,-,-,-,Right-hand bat,Right-arm fast-medium
127,Gary Ballance,GS Ballance,ENG,15,21.21,67.04,569.0,31.00,3.92,47.4,Left-hand bat,Legbreak
128,Malinga Bandara,HMCM Bandara,SL,17,12.30,71.42,1368.0,36.83,3.87,57.0,Right-hand bat,Legbreak
129,Chaminda Bandara,KMC Bandara,SL,1,-,33.33,-,-,-,-,Left-hand bat,Left-arm medium-fast
130,Sanjay Bangar,SB Bangar,INDIA,15,13.84,75.31,4929.0,31.74,3.51,54.1,Right-hand bat,Right-arm medium-fast
131,Omari Banks,OAC Banks,WI,5,16.60,55.70,2317.0,30.10,3.66,49.2,Right-hand bat,Right-arm offbreak
132,Tom Banton,T Banton,ENG,2,25.00,90.90,143.0,39.33,4.95,47.6,Right-hand bat,-
133,Adrian Barath,AB Barath,WI,14,30.30,64.37,-,-,-,-,Right-hand bat,Right-arm offbreak
134,Geoff Barnett,GEF Barnett,CAN,22,20.68,61.07,61.0,-,2.95,-,Left-hand bat,Right-arm medium-fast
135,Wesley Barresi,W Barresi,NL,31,35.65,75.67,-,-,-,-,Right-hand bat,Right-arm offbreak
136,Oronde Bascome,OO Bascome,BMUDA,6,10.83,44.82,-,-,-,-,Right-hand bat,Right-arm medium
137,Dwight Basden,DM Basden,BMUDA,2,6.00,30.76,-,-,-,-,Right-hand bat,-
138,Basil Hameed,Basil Hameed,UAE,5,38.00,70.37,54.0,-,3.44,-,Right-hand bat,Right-arm offbreak
139,Trevin Bastiampillai,TC Bastiampillai,CAN,13,13.46,58.13,192.0,43.00,4.03,64.0,Right-hand bat,Right-arm offbreak
140,Michael Bates,MD Bates,NZ,1,13.00,130.00,-,-,-,-,Right-hand bat,Left-arm medium-fast
141,Gareth Batty,GJ Batty,ENG,8,5.00,41.09,1391.0,41.00,4.24,57.9,Right-hand bat,Right-arm offbreak
142,Indika Batuwitarachchi,IPP Batuwitarachchi,UAE,2,7.00,29.16,1843.0000000000002,49.80,3.40,87.7,Right-hand bat,Right-arm bowler
143,Dogodo Bau,D Bau,PNG,10,18.88,53.29,354.0,62.00,3.15,118.0,Right-hand bat,-
144,Sese Bau,S Bau,PNG,21,18.90,62.79,-,-,-,-,Left-hand bat,Right-arm medium
145,Carlton Baugh,CS Baugh,WI,35,20.08,67.03,-,-,-,-,Right-hand bat,Legbreak googly
146,Temba Bavuma,T Bavuma,SA,6,55.83,92.28,18.0,-,4.00,-,Right-hand bat,Right-arm medium
147,Bazid Khan,Bazid Khan,PAK,5,26.20,56.46,4922.0,41.15,3.46,71.3,Right-hand bat,Right-arm offbreak
148,Ronsford Beaton,RR Beaton,WI,2,15.00,29.41,1695.0,27.62,2.34,70.6,Right-hand bat,Right-arm fast-medium
149,Farhaan Behardien,F Behardien,SA,49,30.68,97.90,-,-,-,-,Right-hand bat,Right-arm fast-medium
150,Jason Behrendorff,JP Behrendorff,AUS,5,9.50,126.66,492.0,38.57,3.29,70.2,Right-hand bat,Left-arm fast-medium
151,Ian Bell,IR Bell,ENG,157,37.87,77.16,246.0,162.00,3.95,246.0,Right-hand bat,Right-arm medium
152,Matthew Bell,MD Bell,NZ,4,19.50,60.46,1806.0,46.00,3.20,86.0,Right-hand bat,Right-arm offbreak
153,Dale Benkenstein,DM Benkenstein,SA,2,4.50,75.00,342.0,62.66,3.29,114.0,Right-hand bat,"Right-arm medium, Right-arm offbreak"
154,Sulieman Benn,SJ Benn,WI,30,7.91,75.83,248.00000000000003,37.66,2.73,82.6,Left-hand bat,Slow left-arm orthodox
155,Hamish Bennett,HK Bennett,NZ,7,5.00,28.57,-,-,-,-,Left-hand bat,Right-arm medium-fast
156,Andri Berenger,AR Berenger,UAE,10,20.50,67.43,5146.0,23.86,2.61,54.7,Right-hand bat,-
157,David Bernard,DE Bernard,WI,12,14.10,64.38,2435.0,38.19,2.91,78.5,Right-hand bat,Right-arm medium-fast
158,Richie Berrington,RD Berrington,SCOT,73,28.08,74.24,174.0,15.00,2.06,43.5,Right-hand bat,Right-arm medium-fast
159,Tino Best,TL Best,WI,16,9.50,60.80,1905.0,59.88,3.20,112.0,Right-hand bat,Right-arm fast
160,Michael Bevan,MG Bevan,AUS,67,47.93,72.44,6286.000000000001,33.76,3.15,64.1,Left-hand bat,Slow left-arm chinaman
161,Amit Bhandari,A Bhandari,INDIA,-,-,-,6091.0,31.46,2.85,66.2,Right-hand bat,Right-arm fast-medium
162,Binod Bhandari,B Bhandari,NEPAL,6,25.83,67.98,-,-,-,-,Right-hand bat,Right-arm bowler
163,Lalit Bhandari,LS Bhandari,NEPAL,1,-,44.44,18.0,7.00,2.33,18.0,Left-hand bat,Left-arm medium
164,Minod Bhanuka,M Bhanuka,SL,1,36.00,92.30,12.0,-,8.00,-,Left-hand bat,-
165,Sushan Bhari,S Bhari,NEPAL,2,9.50,63.33,648.0,37.83,2.10,108.0,Left-hand bat,Slow left-arm orthodox
166,Rustam Bhatti,RA Bhatti,CAN,1,-,75.00,1056.0,41.76,3.08,81.2,Right-hand bat,Right-arm offbreak
167,Umar Bhatti,U Bhatti,CAN,30,17.18,73.68,921.0000000000001,35.23,2.98,70.8,Left-hand bat,Left-arm medium
168,Rajesh Bhudia,RL Bhudia,KENYA,5,24.40,98.38,276.0,98.00,4.26,138.0,Right-hand bat,Right-arm medium
169,Andy Bichel,AJ Bichel,AUS,25,23.25,85.32,-,-,-,-,Right-hand bat,Right-arm fast-medium
170,Bilal Asif,Bilal Asif,PAK,3,13.33,81.63,-,-,-,-,Right-hand bat,Right-arm offbreak
171,Bilal Khan,Bilal Khan,OMAN,4,4.50,81.81,3668.9999999999995,46.52,3.80,73.3,Left-hand bat,Left-arm medium-fast
172,Bilawal Bhatti,Bilawal Bhatti,PAK,7,14.83,118.66,288.0,193.00,4.02,288.0,Right-hand bat,Right-arm medium-fast
173,Ian Billcliff,IS Billcliff,CAN,19,27.84,66.70,-,-,-,-,Right-hand bat,Right-arm medium
174,Sam Billings,SW Billings,ENG,12,22.58,90.93,-,-,-,-,Right-hand bat,-
175,Stuart Binny,STR Binny,INDIA,11,28.75,93.49,4214.0,45.68,3.70,73.9,Right-hand bat,Right-arm medium
176,Karl Birkenstock,K Birkenstock,NAM,8,19.37,58.49,684.0,26.80,2.35,68.4,Left-hand bat,Right-arm fast-medium
177,Devendra Bishoo,D Bishoo,WI,25,10.93,62.35,2854.0,31.91,2.41,79.2,Left-hand bat,Legbreak
178,Marlon Black,MI Black,WI,2,2.00,28.57,84.0,54.00,3.85,84.0,Right-hand bat,Right-arm fast-medium
179,Ian Blackwell,ID Blackwell,ENG,29,14.92,86.66,-,-,-,-,Left-hand bat,Slow left-arm orthodox
180,Jermaine Blackwood,J Blackwood,WI,2,5.50,47.82,-,-,-,-,Right-hand bat,Right-arm offbreak
181,John Blain,JAR Blain,SCOT,20,17.93,57.60,1976.0,40.14,3.29,73.1,Right-hand bat,Right-arm fast-medium
182,Donovan Blake,DL Blake,USA,1,0.00,0.00,6761.0,21.82,2.76,47.2,Right-hand bat,Right-arm medium-fast
183,Glenn Blakeney,G Blakeney,BMUDA,2,36.00,104.34,2326.0,31.82,3.28,58.1,Left-hand bat,-
184,Andy Blignaut,AM Blignaut,ZIM,34,21.22,111.26,396.0,100.00,3.03,198.0,Left-hand bat,Right-arm medium-fast
185,Tom Blundell,TA Blundell,NZ,2,15.50,88.57,438.0,49.80,3.41,87.6,Right-hand bat,Right-arm offbreak
186,Gulam Bodi,GH Bodi,SA,2,41.50,62.87,1385.0,24.81,3.54,41.9,Left-hand bat,Slow left-arm chinaman
187,Abinash Bohara,A Bohara,NEPAL,2,-,92.85,17151.0,34.49,3.10,66.7,Right-hand bat,Right-arm medium
188,Nicky Boje,N Boje,Afr/SA,40,25.06,88.57,48.0,-,3.50,-,Left-hand bat,Slow left-arm orthodox
189,Scott Boland,SM Boland,AUS,4,3.00,40.90,-,-,-,-,Right-hand bat,Right-arm fast-medium
190,Doug Bollinger,DE Bollinger,AUS,8,8.33,92.59,252.0,23.40,2.78,50.4,Left-hand bat,Left-arm fast-medium
191,Shane Bond,SE Bond,NZ,40,16.22,76.04,526.0,42.57,3.39,75.1,Right-hand bat,Right-arm fast
192,Ravi Bopara,RS Bopara,ENG,109,30.62,77.84,1116.0,61.54,3.63,101.4,Right-hand bat,Right-arm medium
193,Delyone Borden,DCC Borden,BMUDA,11,14.00,50.25,102.0,-,4.35,-,Left-hand bat,Right-arm offbreak
194,Peter Borren,PW Borren,NL,50,22.31,85.37,216.0,30.66,2.55,72.0,Right-hand bat,Right-arm medium
195,Scott Borthwick,SG Borthwick,ENG,2,9.00,112.50,3683.0,31.63,2.42,78.3,Left-hand bat,Legbreak
196,Loots Bosman,LE Bosman,Afr/SA,12,25.08,98.68,-,-,-,-,Right-hand bat,Right-arm medium
197,Andre Botha,AC Botha,IRE,38,19.58,68.65,448.00000000000006,30.77,3.70,49.7,Left-hand bat,Right-arm medium
198,Johan Botha,J Botha,Afr/SA,50,19.03,85.77,390.0,109.50,3.36,195.0,Right-hand bat,Right-arm offbreak
199,Mark Boucher,MV Boucher,Afr/SA,164,31.23,88.54,1503.0,29.70,2.84,62.6,Right-hand bat,Right-arm medium
dispName,scoreName,team,innings,batAvg,batSR,careerBalls,bowlAvg,bowlEcon,bowlSR,batHand,bowlType
0,Trent Boult,TA Boult,NZ,40,9.35,74.64,1957.0000000000002,51.95,3.34,93.1,Right-hand bat,Left-arm fast-medium
1,Doug Bracewell,DAJ Bracewell,NZ,12,15.80,73.83,279.0,58.50,2.51,139.5,Right-hand bat,Right-arm fast-medium
2,Nathan Bracken,NW Bracken,AUS,35,11.70,70.56,432.0,19.00,2.90,39.2,Right-hand bat,Left-arm fast-medium
3,Grant Bradburn,GE Bradburn,NZ,3,3.00,20.00,204.0,52.00,3.05,102.0,Right-hand bat,Right-arm offbreak
4,Ian Bradshaw,IDR Bradshaw,WI,34,12.47,59.79,426.0,31.00,2.61,71.0,Left-hand bat,Left-arm fast-medium
5,Carlos Brathwaite,CR Brathwaite,WI,37,16.44,91.04,1764.0,58.21,2.77,126.0,Right-hand bat,Right-arm fast-medium
6,Kraigg Brathwaite,KC Brathwaite,WI,10,27.80,57.55,54.0,-,2.00,-,Right-hand bat,Right-arm offbreak
7,Dwayne Bravo,DJ Bravo,WI,141,25.36,82.30,96.0,-,4.18,-,Right-hand bat,Right-arm medium
8,Darren Bravo,DM Bravo,WI,108,30.54,70.23,-,-,-,-,Left-hand bat,Right-arm medium
9,Jeremy Bray,JP Bray,IRE,15,28.64,67.50,-,-,-,-,Left-hand bat,-
10,Gary Brent,GB Brent,ZIM,39,13.48,60.50,6522.0,33.79,2.92,69.3,Right-hand bat,Right-arm medium
11,Tim Bresnan,TT Bresnan,ENG,64,19.79,90.25,3385.0,43.87,3.03,86.7,Right-hand bat,Right-arm medium-fast
12,Danny Briggs,DR Briggs,ENG,-,-,-,12.0,-,0.50,-,Right-hand bat,Slow left-arm orthodox
13,Andrew Britton,SA Britton,IRE,-,-,-,240.0,60.50,3.02,120.0,Right-hand bat,Right-arm fast
14,Stuart Broad,SCJ Broad,ENG,68,12.30,74.61,918.0,78.28,3.58,131.1,Left-hand bat,Right-arm fast-medium
15,Neil Broom,NT Broom,NZ,39,26.94,81.22,1460.0,33.27,3.00,66.3,Right-hand bat,Right-arm medium
16,Ali Brown,AD Brown,ENG,3,7.00,58.33,-,-,-,-,Right-hand bat,Right-arm offbreak
17,Darrel Brown,D Brown,WI,2,10.00,50.00,6.0,-,3.00,-,Right-hand bat,Right-arm medium
18,Dougie Brown,DR Brown,SCOT,16,15.71,65.08,-,-,-,-,Right-hand bat,Right-arm fast-medium
19,Courtney Browne,CO Browne,WI,13,25.33,83.82,2617.0,41.27,3.12,79.3,Right-hand bat,-
20,Patrick Browne,PA Browne,WI,5,33.50,74.86,54.0,18.00,2.00,54.0,Right-hand bat,-
21,Dean Brownlie,DG Brownlie,NZ,15,25.78,74.27,805.9999999999999,30.12,3.58,50.3,Right-hand bat,Right-arm medium
22,Dylan Budge,DE Budge,SCOT,3,20.66,88.57,-,-,-,-,Right-hand bat,Right-arm medium
23,Mudassar Bukhari,Mudassar Bukhari,NL,34,17.20,76.90,-,-,-,-,Right-hand bat,Right-arm medium-fast
24,Jasprit Bumrah,JJ Bumrah,INDIA,15,3.80,43.18,2703.0,38.11,3.55,64.3,Right-hand bat,Right-arm fast
25,Jan-Berrie Burger,AJ Burger,NAM,6,33.16,100.50,78.0,-,5.30,-,Right-hand bat,Legbreak
26,Louis Burger,LJ Burger,NAM,6,2.20,17.74,852.0,89.33,3.77,142.0,Right-hand bat,Right-arm medium
27,Sarel Burger,SF Burger,NAM,2,5.50,55.00,-,-,-,-,Right-hand bat,Right-arm medium-fast
28,Ryan Burl,RP Burl,ZIM,15,20.25,68.06,9602.0,37.87,3.90,58.1,Left-hand bat,Legbreak
29,Joe Burns,JA Burns,AUS,6,24.33,79.34,24.0,-,4.75,-,Right-hand bat,"Right-arm medium, Right-arm offbreak"
30,Deighton Butler,DK Butler,WI,4,25.00,73.52,18.0,-,6.00,-,Left-hand bat,Left-arm fast-medium
31,Ian Butler,IG Butler,NZ,13,10.50,54.54,480.99999999999994,52.60,3.28,96.2,Right-hand bat,Right-arm fast
32,Jos Buttler,JC Buttler,ENG,117,40.88,119.83,1023.0000000000001,43.93,3.86,68.2,Right-hand bat,-
33,Atse Buurman,AF Buurman,NL,11,15.55,78.21,863.0,43.16,3.60,71.9,Right-hand bat,-
34,Andy Caddick,AR Caddick,ENG,22,14.33,59.31,282.0,35.00,2.97,70.5,Right-hand bat,Right-arm fast-medium
35,Chris Cairns,CL Cairns,ICC/NZ,70,30.50,92.74,-,-,-,-,Right-hand bat,Right-arm fast-medium
36,Scott Cameron,SJ Cameron,SCOT,2,9.00,69.23,351.0,51.50,3.52,87.7,Right-hand bat,-
37,James Cameron-Dow,J Cameron-Dow,IRE,1,-,70.00,2031.0,39.80,3.52,67.7,Left-hand bat,Slow left-arm orthodox
38,Alistair Campbell,ADR Campbell,ZIM,42,29.23,65.45,2230.0,57.05,2.76,123.8,Left-hand bat,Right-arm offbreak
39,John Campbell,JD Campbell,WI,5,49.60,115.88,3554.9999999999995,40.61,3.01,80.7,Left-hand bat,Right-arm offbreak
40,Ryan Campbell,RJ Campbell,AUS,2,27.00,77.14,3890.9999999999995,37.50,3.29,68.2,Right-hand bat,Right-arm offbreak
41,Sherwin Campbell,SL Campbell,WI,7,10.57,47.43,-,-,-,-,Right-hand bat,Right-arm medium
42,Lionel Cann,LOB Cann,BMUDA,25,26.81,117.06,570.0,43.11,4.08,63.3,Right-hand bat,Right-arm medium
43,Tama Canning,TK Canning,NZ,4,17.33,71.23,-,-,-,-,Right-hand bat,Right-arm fast-medium
44,Michael Carberry,MA Carberry,ENG,6,19.00,63.33,426.0,130.00,3.66,213.0,Left-hand bat,Right-arm offbreak
45,Alex Carey,AT Carey,AUS,32,34.00,91.22,540.0,26.09,3.18,49.0,Left-hand bat,-
46,Stuart Carlisle,SV Carlisle,ZIM,55,30.78,65.37,576.0,68.40,3.56,115.2,Right-hand bat,Right-arm medium
47,Kenny Carroll,KED Carroll,IRE,6,11.66,55.55,-,-,-,-,Right-hand bat,Legbreak
48,Christopher Carter,C Carter,HKG,9,12.66,61.29,6.0,-,7.00,-,Right-hand bat,-
49,Jonathan Carter,JL Carter,WI,28,23.24,70.68,-,-,-,-,Left-hand bat,Right-arm medium
50,Neil Carter,NM Carter,SCOT,1,0.00,0.00,-,-,-,-,Left-hand bat,Left-arm medium-fast
51,Hilton Cartwright,HWR Cartwright,AUS,2,1.00,8.69,166.0,16.33,3.54,27.6,Right-hand bat,Right-arm medium
52,James Celestine,JJ Celestine,BMUDA,8,7.50,44.44,-,-,-,-,Right-hand bat,Right-arm slow-medium
53,Yuzvendra Chahal,YS Chahal,INDIA,9,8.16,58.33,642.0,51.42,3.36,91.7,Right-hand bat,Legbreak googly
54,Deepak Chahar,DL Chahar,INDIA,2,18.00,81.81,-,-,-,-,Right-hand bat,Right-arm medium
55,Regis Chakabva,RW Chakabva,ZIM,38,17.94,59.53,66.0,-,4.27,-,Right-hand bat,Right-arm offbreak
56,Stuart Chalmers,SJ Chalmers,SCOT,1,-,64.28,5077.0,42.90,3.54,72.5,Right-hand bat,Right-arm medium-fast
57,Dushmantha Chameera,PVD Chameera,SL,14,13.28,62.00,18.0,-,6.33,-,Right-hand bat,Right-arm fast
58,Upul Chandana,UDU Chandana,SL,52,18.93,73.20,5804.0,38.81,3.69,63.0,Right-hand bat,Legbreak
59,Shivnarine Chanderpaul,S Chanderpaul,WI,165,45.76,72.61,126.0,107.00,5.09,126.0,Left-hand bat,Legbreak
60,Dinesh Chandimal,LD Chandimal,SL,132,32.42,74.12,234.0,27.00,2.76,58.5,Right-hand bat,Right-arm offbreak
61,Mark Chapman,MS Chapman,HKG/NZ,6,32.20,91.47,1293.0,33.56,3.58,56.2,Left-hand bat,Slow left-arm orthodox
62,Glen Chapple,G Chapple,ENG,1,14.00,200.00,1270.0,44.00,3.74,70.5,Right-hand bat,Right-arm medium-fast
63,Brian Chari,BB Chari,ZIM,11,13.63,45.18,-,-,-,-,Right-hand bat,Right-arm offbreak
64,Johnson Charles,J Charles,WI,48,26.72,83.80,12.0,-,4.00,-,Right-hand bat,-
65,Peter Chase,PKD Chase,IRE,16,3.50,62.50,6412.000000000001,30.40,3.55,51.2,Right-hand bat,Right-arm medium-fast
66,Roston Chase,RL Chase,WI,23,26.00,76.58,180.0,99.00,3.30,180.0,Right-hand bat,Right-arm offbreak
67,Tendai Chatara,TL Chatara,ZIM,45,6.60,49.10,-,-,-,-,Right-hand bat,Right-arm fast-medium
68,Sewnarine Chattergoon,S Chattergoon,WI,17,24.66,60.16,14124.0,32.07,2.98,64.4,Left-hand bat,Legbreak
69,Piyush Chawla,PP Chawla,INDIA,12,5.42,65.51,2.0,-,12.00,-,Left-hand bat,Legbreak
70,Manoj Cheruparambil,M Cheruparambil,HKG,2,15.00,57.69,1537.0000000000002,45.25,2.82,96.0,Right-hand bat,Right-arm medium
71,Chamu Chibhabha,CJ Chibhabha,ZIM,104,23.51,63.03,6.0,-,0.00,-,Right-hand bat,Right-arm medium
72,Elton Chigumbura,E Chigumbura,Afr/ZIM,198,25.23,80.02,-,-,-,-,Right-hand bat,Right-arm fast-medium
73,Michael Chinouya,MT Chinouya,ZIM,2,6.00,75.00,-,-,-,-,Right-hand bat,Right-arm fast-medium
74,Chirag Suri,Chirag Suri,UAE,17,20.88,55.90,4767.0,33.97,3.50,58.1,Right-hand bat,"Right-arm offbreak, Legbreak googly"
75,Tendai Chisoro,TS Chisoro,ZIM,15,14.88,61.46,2000.0,43.60,3.27,80.0,Left-hand bat,"Left-arm fast-medium, Slow left-arm orthodox"
76,Daniel Christian,DT Christian,AUS,18,21.00,88.92,30.0,-,2.20,-,Right-hand bat,Right-arm fast-medium
77,Kyle Christie,K Christie,HKG,1,0.00,0.00,-,-,-,-,Right-hand bat,Right-arm medium-fast
78,Desmond Chumney,DR Chumney,CAN,21,20.89,66.72,7823.0,30.76,3.39,54.3,Right-hand bat,Right-arm offbreak
79,Stuart Clark,SR Clark,AUS,12,13.80,78.40,1112.0,57.30,3.09,111.2,Right-hand bat,Right-arm fast-medium
80,Michael Clarke,MJ Clarke,AUS,223,44.58,78.98,12.0,-,2.00,-,Right-hand bat,Slow left-arm orthodox
81,Rikki Clarke,R Clarke,ENG,13,11.07,62.06,186.0,106.00,3.41,186.0,Right-hand bat,Right-arm medium-fast
82,Austin Codrington,A Codrington,CAN,8,5.87,51.08,1800.0,80.00,3.20,150.0,Right-hand bat,Right-arm medium-fast
83,George Codrington,GR Codrington,CAN,15,19.58,63.17,-,-,-,-,Right-hand bat,Right-arm medium-fast
84,Kyle Coetzer,KJ Coetzer,SCOT,57,43.80,86.18,6851.0,43.76,2.64,99.2,Right-hand bat,Right-arm medium-fast
85,Freddie Coleman,FRJ Coleman,SCOT,14,15.07,61.33,168.0,38.50,2.75,84.0,Right-hand bat,-
86,Paul Collingwood,PD Collingwood,ENG,181,35.36,76.98,6.0,-,4.00,-,Right-hand bat,Right-arm medium
87,Pedro Collins,PT Collins,WI,10,2.85,55.55,-,-,-,-,Right-hand bat,Left-arm fast-medium
88,Corey Collymore,CD Collymore,WI,33,5.17,44.22,10872.0,42.32,2.91,86.9,Right-hand bat,Right-arm fast-medium
89,Peter Connell,PC Connell,IRE,5,20.00,54.79,11384.0,28.24,2.84,59.6,Right-hand bat,Right-arm medium-fast
90,Sir Alastair Cook,AN Cook,ENG,92,36.40,77.13,868.0,28.68,4.36,39.4,Left-hand bat,Right-arm slow
91,Ben Cooper,BN Cooper,NL,6,28.50,92.93,2212.0,31.00,3.86,48.0,Left-hand bat,Right-arm medium
92,Tom Cooper,TLW Cooper,NL,22,48.80,70.16,669.0,85.60,3.83,133.8,Right-hand bat,Right-arm offbreak
93,Dominic Cork,DG Cork,ENG,6,9.60,81.35,156.0,38.00,4.38,52.0,Right-hand bat,Right-arm fast-medium
94,Mark Cosgrove,MJ Cosgrove,AUS,3,37.33,96.55,198.0,111.00,3.36,198.0,Left-hand bat,Right-arm medium
95,Sheldon Cottrell,SS Cottrell,WI,17,12.00,75.00,-,-,-,-,Right-hand bat,Left-arm fast-medium
96,Nathan Coulter-Nile,NM Coulter-Nile,AUS,21,16.80,96.18,428.0,37.25,4.17,53.5,Right-hand bat,Right-arm fast
97,Charles Coventry,CK Coventry,ZIM,35,24.44,88.68,234.0,-,4.56,-,Right-hand bat,Legbreak
98,Royston Crandon,RT Crandon,WI,1,5.00,55.55,-,-,-,-,Right-hand bat,Right-arm offbreak
99,Graeme Cremer,AG Cremer,ZIM,71,14.58,62.20,18.0,-,0.66,-,Right-hand bat,Legbreak googly
100,Fiqre Crockwell,FS Crockwell,BMUDA,2,34.00,65.38,3001.0,35.93,3.23,66.6,Right-hand bat,-
101,Robert Croft,RDB Croft,ENG,3,11.66,62.50,-,-,-,-,Right-hand bat,Right-arm offbreak
102,Matthew Cross,MH Cross,SCOT,48,24.17,73.95,-,-,-,-,Right-hand bat,-
103,Cameron Cuffy,CE Cuffy,WI,15,3.70,46.83,-,-,-,-,Right-hand bat,Right-arm fast
104,Dan Cullen,DJ Cullen,AUS,1,-,66.66,-,-,-,-,Right-hand bat,Right-arm offbreak
105,Craig Cumming,CD Cumming,NZ,13,13.41,53.48,26865.999999999996,32.13,2.84,67.8,Right-hand bat,-
106,Miguel Cummins,ML Cummins,WI,3,5.00,37.03,594.0,21.15,2.77,45.6,Left-hand bat,Right-arm fast-medium
107,Anderson Cummins,AC Cummins,CAN,8,4.50,77.14,1148.0,29.40,3.07,57.4,Right-hand bat,Right-arm fast-medium
108,Pat Cummins,PJ Cummins,AUS,40,9.62,73.23,13375.0,31.82,3.22,59.1,Right-hand bat,Right-arm fast
109,Sam Curran,SM Curran,ENG,3,8.00,51.06,318.0,166.00,3.13,318.0,Left-hand bat,Left-arm medium-fast
110,Tom Curran,TK Curran,ENG,13,39.60,102.59,-,-,-,-,Right-hand bat,Right-arm fast-medium
111,Alex Cusack,AR Cusack,IRE,47,22.57,64.27,8809.0,37.87,2.65,85.5,Right-hand bat,Right-arm medium-fast
112,Ben Cutting,BCJ Cutting,AUS,2,26.50,79.10,5736.0,23.52,2.78,50.7,Right-hand bat,Right-arm fast-medium
113,Darius D'Silva,DDP D'Silva,UAE,5,13.25,44.53,-,-,-,-,Right-hand bat,Right-arm medium
114,Keith Dabengwa,KM Dabengwa,ZIM,34,19.03,60.39,135.0,43.50,3.86,67.5,Left-hand bat,Slow left-arm orthodox
115,Damodar Daesrath,D Daesrath,CAN,3,31.66,69.34,1737.0,28.90,3.09,56.0,Right-hand bat,Right-arm offbreak
116,Vijay Dahiya,V Dahiya,INDIA,5,18.75,93.75,6.0,-,1.00,-,Right-hand bat,-
117,Mahuru Dai,MD Dai,PNG,18,28.37,77.60,-,-,-,-,Right-hand bat,"Right-arm medium, Legbreak googly"
118,Junior Dala,CJ Dala,SA,2,8.00,133.33,630.0,96.00,4.57,126.0,Right-hand bat,Right-arm medium
119,Jamie Dalrymple,JWM Dalrymple,ENG,26,19.48,72.47,234.0,153.00,3.92,234.0,Right-hand bat,Right-arm offbreak
120,Akila Dananjaya,A Dananjaya,SL,27,12.86,68.85,4200.0,34.98,3.14,66.6,Left-hand bat,"Right-arm offbreak, Legbreak"
121,Danish Kaneria,Danish Kaneria,PAK,10,6.00,54.54,42.0,-,4.42,-,Right-hand bat,Legbreak
122,Shiv Sunder Das,SS Das,INDIA,4,13.00,50.64,1787.0,31.48,3.70,51.0,Right-hand bat,Right-arm medium
123,Deep Dasgupta,D Dasgupta,INDIA,4,17.00,62.19,11019.0,26.20,2.78,56.5,Right-hand bat,-
124,Josh Davey,JH Davey,SCOT,28,22.59,66.98,126.0,-,3.61,-,Right-hand bat,Right-arm medium-fast
125,Ramesh David,RR David,CAN,3,27.33,48.23,1962.0,42.18,2.83,89.1,Right-hand bat,Right-arm offbreak
126,Henry Davids,H Davids,SA,2,4.00,33.33,230.99999999999997,29.16,4.54,38.5,Right-hand bat,Right-arm medium-fast
127,Steven Davies,SM Davies,ENG,8,30.50,105.62,330.0,82.00,2.98,165.0,Left-hand bat,-
128,John Davison,JM Davison,CAN,32,26.63,104.17,2761.0,50.16,3.27,92.0,Right-hand bat,Right-arm offbreak
129,Dawlat Ahmadzai,Dawlat Ahmadzai,AFG,-,-,-,25359.999999999996,27.74,2.80,59.3,Right-hand bat,Right-arm fast-medium
130,Dawlat Zadran,Dawlat Zadran,AFG,56,17.68,77.25,-,-,-,-,Right-hand bat,Right-arm fast-medium
131,Jawad Dawood,JJ Dawood,CAN,1,-,131.57,162.0,20.50,1.51,81.0,Left-hand bat,Right-arm offbreak
132,Alan Dawson,AC Dawson,SA,6,31.50,98.43,24.0,-,2.00,-,Right-hand bat,Right-arm medium-fast
133,Liam Dawson,LA Dawson,ENG,2,7.00,82.35,6078.0,28.50,2.78,61.3,Right-hand bat,Slow left-arm orthodox
134,Colin de Grandhomme,C de Grandhomme,NZ,33,27.76,110.39,1743.0,66.92,2.99,134.0,Right-hand bat,Right-arm medium-fast
135,Nicholas de Groot,NA de Groot,CAN,6,7.33,34.64,1123.0,36.87,3.15,70.1,Right-hand bat,Right-arm medium
136,Tom de Grooth,TN de Grooth,NL,32,17.14,62.01,12.0,-,4.00,-,Right-hand bat,Right-arm offbreak
137,Quinton de Kock,Q de Kock,SA,121,44.65,94.84,1422.0,54.00,3.64,88.8,Left-hand bat,-
138,Con de Lange,CD de Lange,SCOT,10,20.50,61.50,13831.0,30.30,3.26,55.7,Right-hand bat,Slow left-arm orthodox
139,Marchant de Lange,M de Lange,SA,-,-,-,7212.0,26.69,2.57,62.1,Right-hand bat,Right-arm fast
140,Gareth Delany,GJ Delany,IRE,2,16.50,64.70,960.0,63.77,3.58,106.6,Right-hand bat,Legbreak googly
141,Bas de Leede,BFW de Leede,NL,3,10.66,42.66,1486.0,36.85,3.12,70.7,Right-hand bat,Right-arm medium
142,Tim de Leede,TBM de Leede,NL,20,16.31,63.26,3395.0,60.14,2.23,161.6,Right-hand bat,Right-arm medium
143,Joe Denly,JL Denly,ENG,13,34.30,70.90,-,-,-,-,Right-hand bat,Legbreak
144,Narsingh Deonarine,N Deonarine,WI,29,26.23,68.95,-,-,-,-,Left-hand bat,Right-arm offbreak
145,Jade Dernbach,JW Dernbach,ENG,8,2.71,48.71,-,-,-,-,Right-hand bat,Right-arm fast-medium
146,Jignesh Desai,JH Desai,USA,1,16.00,42.10,-,-,-,-,Left-hand bat,Right-arm offbreak
147,Parth Desai,PA Desai,CAN,8,2.66,14.54,12.0,-,2.00,-,Right-hand bat,Slow left-arm orthodox
148,Indika de Saram,SI de Saram,SL,7,18.33,68.75,-,-,-,-,Right-hand bat,Right-arm offbreak
149,Dhananjaya de Silva,DM de Silva,SL,42,25.57,77.55,-,-,-,-,Right-hand bat,Right-arm offbreak
150,Aravinda de Silva,PA de Silva,SL,36,29.68,79.10,-,-,-,-,Right-hand bat,Right-arm offbreak
151,Chaturanga de Silva,PC de Silva,SL,7,15.66,83.92,588.0,43.71,3.12,84.0,Left-hand bat,Slow left-arm orthodox
152,Wanindu Hasaranga,PWH de Silva,SL,13,19.00,112.42,-,-,-,-,Right-hand bat,Legbreak
153,Anton Devcich,AP Devcich,NZ,11,17.72,77.07,188.0,141.00,4.50,188.0,Left-hand bat,Slow left-arm orthodox
154,AB de Villiers,AB de Villiers,Afr/SA,218,53.50,101.09,84.0,-,4.42,-,Right-hand bat,Right-arm medium
155,Jan-Izak de Villiers,JI de Villiers,NAM,1,0.00,0.00,-,-,-,-,Right-hand bat,Right-arm medium
156,Sunil Dhaniram,S Dhaniram,CAN,41,24.72,81.26,-,-,-,-,Left-hand bat,Slow left-arm orthodox
157,Kumar Dharmasena,HDPK Dharmasena,SL,28,17.33,69.33,-,-,-,-,Right-hand bat,Right-arm offbreak
158,Rishi Dhawan,R Dhawan,INDIA,2,12.00,92.30,-,-,-,-,Right-hand bat,Right-arm medium-fast
159,Shikhar Dhawan,S Dhawan,INDIA,133,45.14,94.01,426.99999999999994,94.66,3.99,142.3,Left-hand bat,Right-arm offbreak
160,Haninder Dhillon,HS Dhillon,CAN,2,7.00,40.00,1635.9999999999998,31.62,3.36,56.4,Right-hand bat,Right-arm slow
161,Dhiman Ghosh,Dhiman Ghosh,BDESH,12,14.00,62.68,-,-,-,-,Right-hand bat,-
162,MS Dhoni,MS Dhoni,Asia/INDIA,297,50.57,87.56,3925.0,40.24,3.50,68.8,Right-hand bat,Right-arm medium
163,Brendon Diamanti,BJ Diamanti,NZ,1,-,118.18,24.0,-,3.00,-,Right-hand bat,Right-arm medium-fast
164,Niroshan Dickwella,N Dickwella,SL,49,32.72,93.56,-,-,-,-,Left-hand bat,-
165,Wilfred Diepeveen,WP Diepeveen,NL,1,6.00,85.71,-,-,-,-,Right-hand bat,Legbreak
166,Sameer Dighe,SS Dighe,INDIA,7,29.80,67.42,-,-,-,-,Right-hand bat,-
167,Dilhara Lokuhettige,LHD Dilhara,SL,9,9.22,77.57,12912.0,24.62,2.43,60.6,Right-hand bat,Right-arm fast-medium
168,Mervyn Dillon,M Dillon,WI,26,5.50,60.68,66.0,9.00,1.63,33.0,Right-hand bat,Right-arm fast-medium
169,Tillakaratne Dilshan,TM Dilshan,SL,292,39.77,86.65,138.0,96.00,4.17,138.0,Right-hand bat,Right-arm offbreak
170,Ashok Dinda,AB Dinda,INDIA,5,4.20,58.33,-,-,-,-,Right-hand bat,Right-arm medium-fast
171,Boeta Dippenaar,HH Dippenaar,Afr/SA,86,43.63,68.58,342.0,16.33,2.57,38.0,Right-hand bat,Right-arm offbreak
172,George Dockrell,GH Dockrell,IRE,57,16.54,69.34,-,-,-,-,Right-hand bat,Slow left-arm orthodox
173,Xavier Doherty,XJ Doherty,AUS,23,14.42,54.89,2511.0,29.43,3.23,54.5,Left-hand bat,Slow left-arm orthodox
174,Dolar Mahmud,Dolar Mahmud,BDESH,4,15.25,138.63,6.0,-,9.00,-,Right-hand bat,Right-arm fast-medium
175,Allan Donald,AA Donald,SA,9,2.00,17.85,6.0,-,12.00,-,Right-hand bat,Right-arm fast
176,Brett Dorey,BR Dorey,AUS,1,2.00,25.00,42.0,-,6.42,-,Right-hand bat,Right-arm fast-medium
177,Kiplin Doriga,K Doriga,PNG,13,22.36,63.40,4837.0,30.29,2.29,79.2,Right-hand bat,-
178,Chris Douglas,CRM Douglas,BMUDA,2,61.00,55.96,185.0,50.00,3.24,92.5,Left-hand bat,Right-arm offbreak
179,Travis Dowlin,TM Dowlin,WI,11,25.33,65.51,-,-,-,-,Right-hand bat,Right-arm offbreak
180,Shane Dowrich,SO Dowrich,WI,1,6.00,75.00,73.0,-,4.52,-,Right-hand bat,-
181,Vasbert Drakes,VC Drakes,WI,15,6.90,49.64,24.0,-,2.25,-,Right-hand bat,Right-arm fast
182,Rahul Dravid,R Dravid,Asia/ICC/INDIA,188,40.75,73.90,16001.0,28.40,3.33,51.1,Right-hand bat,Right-arm offbreak
183,Gordon Drummond,GD Drummond,SCOT,20,18.46,91.60,547.0,17.18,3.01,34.1,Right-hand bat,Right-arm medium-fast
184,Shivam Dube,S Dube,INDIA,1,9.00,150.00,-,-,-,-,Left-hand bat,Right-arm medium
185,Ben Duckett,BM Duckett,ENG,3,41.00,80.92,-,-,-,-,Left-hand bat,Right-arm offbreak
186,Terry Duffin,T Duffin,ZIM,23,23.73,54.98,2821.0,28.23,3.54,47.8,Left-hand bat,Right-arm medium
187,Jean-Paul Duminy,JP Duminy,SA,179,36.81,84.55,1530.0,35.80,2.94,72.8,Left-hand bat,Right-arm offbreak
188,Daryn Dupavillon,DM Dupavillon,SA,-,-,-,1862.0,35.82,3.23,66.5,Right-hand bat,Right-arm fast
189,Faf du Plessis,F du Plessis,SA,136,47.47,88.60,12.0,-,4.00,-,Right-hand bat,Legbreak
190,Hasan Durham,H Durham,BMUDA,7,8.75,33.33,-,-,-,-,Right-hand bat,Slow left-arm orthodox
191,Nikhil Dutta,N Dutta,CAN,-,-,-,715.0,30.81,4.13,44.6,Right-hand bat,Right-arm offbreak
192,Phil Eaglestone,PS Eaglestone,IRE,1,4.00,133.33,4605.0,31.73,2.93,64.8,Left-hand bat,Left-arm medium
193,Mark Ealham,MA Ealham,ENG,3,10.66,54.23,18.0,-,3.66,-,Right-hand bat,Right-arm medium-fast
194,Dion Ebrahim,DD Ebrahim,ZIM,76,20.61,56.81,-,-,-,-,Right-hand bat,Right-arm medium
195,Jekon Edness,J Edness,BMUDA,11,28.00,62.53,-,-,-,-,Right-hand bat,-
196,Fidel Edwards,FH Edwards,WI,22,9.12,45.62,15073.0,33.56,2.96,67.8,Right-hand bat,Right-arm fast
197,Kirk Edwards,KA Edwards,WI,16,23.64,67.00,3146.0000000000005,37.51,3.07,73.1,Right-hand bat,Right-arm offbreak
198,Scott Edwards,SA Edwards,NL,3,35.50,87.65,-,-,-,-,Right-hand bat,-
199,Ehsanul Haque,Ehsanul Haque,BDESH,6,9.50,44.18,-,-,-,-,Right-hand bat,Right-arm offbreak
dispName,scoreName,team,innings,batAvg,batSR,careerBalls,bowlAvg,bowlEcon,bowlSR,batHand,bowlType
0,Ehsan Adil,Ehsan Adil,PAK,4,9.00,64.28,750.0,63.00,4.03,93.7,Right-hand bat,Right-arm fast-medium
1,Ehsan Khan,Ehsan Khan,HKG,12,11.33,44.73,156.0,58.00,2.23,156.0,Right-hand bat,Right-arm offbreak
2,Ehsan Nawaz,Ehsan Nawaz,HKG,10,5.00,34.48,156.0,-,3.96,-,Right-hand bat,Right-arm fast-medium
3,Dean Elgar,D Elgar,SA,7,17.33,58.75,12.0,-,4.50,-,Left-hand bat,Slow left-arm orthodox
4,Elias Sunny,Elias Sunny,BDESH,4,1.00,18.18,-,-,-,-,Left-hand bat,Slow left-arm orthodox
5,Grant Elliott,GD Elliott,NZ,69,34.06,81.78,1047.0,34.06,2.92,69.8,Right-hand bat,Right-arm medium
6,Andrew Ellis,AM Ellis,NZ,12,14.00,83.69,156.0,148.00,5.69,156.0,Right-hand bat,Right-arm fast-medium
7,Steve Elworthy,S Elworthy,SA,3,14.50,61.70,236.99999999999997,74.50,3.77,118.5,Right-hand bat,Right-arm fast-medium
8,Rayad Emrit,RR Emrit,WI,2,13.00,37.14,4090.0,31.69,3.16,60.1,Right-hand bat,Right-arm medium-fast
9,Enamul Haque,Enamul Haque,BDESH,4,14.75,54.62,-,-,-,-,Left-hand bat,Slow left-arm orthodox
10,Enamul Haque jnr,Enamul Haque jnr,BDESH,5,3.00,63.15,1039.0,30.23,3.66,49.4,Right-hand bat,Slow left-arm orthodox
11,Shaminda Eranga,RMS Eranga,SL,11,11.33,53.12,1658.0,44.20,3.99,66.3,Right-hand bat,Right-arm fast-medium
12,Gerhard Erasmus,MG Erasmus,NAM,8,28.25,76.09,479.0,24.66,2.78,53.2,Right-hand bat,Right-arm offbreak
13,Craig Ervine,CR Ervine,ZIM,90,32.54,75.48,48.0,-,6.62,-,Left-hand bat,Right-arm offbreak
14,Sean Ervine,SM Ervine,ZIM,34,25.85,85.53,-,-,-,-,Left-hand bat,"Right-arm medium, Right-arm offbreak"
15,Jacob-Jan Esmeijer,JJ Esmeijer,NL,5,2.50,23.25,1620.0,64.00,3.08,124.6,Right-hand bat,Slow left-arm orthodox
16,Alasdair Evans,AC Evans,SCOT,18,10.00,63.69,-,-,-,-,Right-hand bat,Right-arm medium-fast
17,Craig Evans,CN Evans,ZIM,4,24.25,81.51,174.0,122.00,4.20,174.0,Right-hand bat,Right-arm medium
18,Gavin Ewing,GM Ewing,ZIM,7,13.85,70.80,-,-,-,-,Right-hand bat,Right-arm offbreak
19,Fahad Alhashmi,Fahad Alhashmi,UAE,3,0.00,0.00,18401.0,32.84,3.27,60.1,Right-hand bat,Right-arm fast-medium
20,Fahad Nawaz,Fahad Nawaz,UAE,2,1.00,20.00,12.0,-,2.50,-,Right-hand bat,Slow left-arm orthodox
21,Fahad Usman,Fahad Usman,UAE,2,4.50,50.00,-,-,-,-,Left-hand bat,Legbreak
22,Faheem Ashraf,Faheem Ashraf,PAK,15,12.46,83.07,1459.0,42.82,2.99,85.8,Left-hand bat,Right-arm medium
23,Fahim Muntasir,Fahim Muntasir,BDESH,3,3.00,35.29,24.0,-,1.75,-,Right-hand bat,Right-arm offbreak
24,Faisal Athar,Faisal Athar,PAK,1,9.00,23.68,1079.0,29.52,3.11,56.7,Right-hand bat,-
25,Faisal Hossain,Faisal Hossain,BDESH,5,10.75,47.25,-,-,-,-,Left-hand bat,Slow left-arm orthodox
26,Faisal Iqbal,Faisal Iqbal,PAK,15,23.84,62.24,667.0,42.20,3.79,66.7,Right-hand bat,Right-arm offbreak
27,Fakhar Zaman,Fakhar Zaman,PAK,46,46.61,95.23,1626.0,42.26,2.33,108.4,Left-hand bat,Slow left-arm orthodox
28,Fareed Ahmad,Fareed Ahmad,AFG,2,-,16.66,-,-,-,-,Left-hand bat,Left-arm fast-medium
29,Farhad Reza,Farhad Reza,BDESH,31,16.48,64.77,175.0,-,2.88,-,Right-hand bat,Right-arm fast-medium
30,James Faulkner,JP Faulkner,AUS,52,34.40,104.24,743.0,43.23,4.53,57.1,Right-hand bat,Left-arm fast-medium
31,Fawad Ahmed,Fawad Ahmed,AUS,1,-,200.00,-,-,-,-,Right-hand bat,Legbreak
32,Fawad Alam,Fawad Alam,PAK,36,40.25,74.47,168.0,80.00,2.85,168.0,Left-hand bat,Slow left-arm orthodox
33,Fayyaz Ahmed,Fayyaz Ahmed,UAE,3,47.00,47.00,3566.9999999999995,37.37,3.01,74.3,Left-hand bat,Slow left-arm orthodox
34,Fayyaz Butt,Fayyaz Butt,OMAN,3,16.50,78.57,989.0,24.12,3.51,41.2,Right-hand bat,Right-arm medium-fast
35,Faiz Fazal,FY Fazal,INDIA,1,-,90.16,318.0,137.00,2.58,318.0,Left-hand bat,Right-arm medium
36,Fazl-e-Akbar,Fazl-e-Akbar,PAK,-,-,-,3348.0,26.09,2.94,53.1,Right-hand bat,Right-arm fast-medium
37,Fazle Mahmud,Fazle Mahmud,BDESH,2,0.00,0.00,1611.0,25.81,2.59,59.6,Left-hand bat,Slow left-arm orthodox
38,Callum Ferguson,CJ Ferguson,AUS,25,41.43,85.32,3905.0,36.58,3.76,58.2,Right-hand bat,Right-arm medium
39,Lockie Ferguson,LH Ferguson,NZ,16,7.00,47.72,21735.0,30.98,2.93,63.3,Right-hand bat,Right-arm fast
40,Nizel Fernandes,N Fernandes,UAE,1,5.00,38.46,756.0,38.66,3.68,63.0,Left-hand bat,Slow left-arm orthodox
41,Asitha Fernando,AM Fernando,SL,-,-,-,11099.0,37.42,3.05,73.5,Right-hand bat,Right-arm medium-fast
42,Nuwan Pradeep,N Pradeep,SL,23,4.14,37.66,288.0,31.60,3.29,57.6,Right-hand bat,Right-arm fast-medium
43,Oshada Fernando,BOP Fernando,SL,6,21.33,63.05,192.0,47.00,4.40,64.0,Right-hand bat,Legbreak
44,Dilhara Fernando,CRD Fernando,Asia/SL,61,9.19,60.96,6.0,-,3.00,-,Right-hand bat,Right-arm fast-medium
45,Dinusha Fernando,KADM Fernando,SL,-,-,-,999.0000000000001,37.06,3.56,62.4,Right-hand bat,Right-arm fast-medium
46,Hasantha Fernando,KHRK Fernando,SL,5,21.50,59.72,-,-,-,-,Right-hand bat,Right-arm medium-fast
47,Vishwa Fernando,MVT Fernando,SL,8,15.00,49.18,-,-,-,-,Right-hand bat,Left-arm medium-fast
48,Charitha Buddhika,TCB Fernando,SL,10,7.25,49.15,2364.0,29.64,3.83,46.3,Right-hand bat,Right-arm fast-medium
49,Avishka Fernando,WIA Fernando,SL,18,36.27,96.59,174.0,29.00,2.00,87.0,Right-hand bat,Right-arm medium-fast
50,Jonathan Figy,J Figy,UAE,2,55.00,75.34,2072.0,29.02,2.85,60.9,Left-hand bat,Right-arm medium-fast
51,Aaron Finch,AJ Finch,AUS,122,41.02,88.71,15157.999999999998,33.13,3.51,56.5,Right-hand bat,Slow left-arm orthodox
52,Shawn Findlay,SE Findlay,WI,8,20.85,75.25,871.9999999999999,28.23,2.52,67.0,Left-hand bat,Right-arm medium
53,Steven Finn,ST Finn,ENG,30,8.00,60.98,246.0,40.66,2.97,82.0,Right-hand bat,Right-arm fast-medium
54,Ryan Flannigan,R Flannigan,SCOT,1,0.00,0.00,298.0,46.00,2.77,99.3,Right-hand bat,Right-arm medium
55,Damien Fleming,DW Fleming,AUS,5,25.50,108.51,240.0,54.00,4.05,80.0,Right-hand bat,Right-arm fast-medium
56,Stephen Fleming,SP Fleming,ICC/NZ,136,33.82,72.42,186.0,33.25,4.29,46.5,Left-hand bat,-
57,Andre Fletcher,ADS Fletcher,WI,25,14.16,64.48,-,-,-,-,Right-hand bat,"Right-arm medium-fast, Legbreak"
58,Andrew Flintoff,A Flintoff,ENG/ICC,107,33.56,89.19,84.0,-,3.14,-,Right-hand bat,Right-arm fast-medium
59,Andy Flower,A Flower,ZIM,53,42.68,81.89,594.0,59.00,2.97,118.8,Left-hand bat,Right-arm offbreak
60,Grant Flower,GW Flower,ZIM,72,34.95,72.21,-,-,-,-,Right-hand bat,Slow left-arm orthodox
61,Daniel Flynn,DR Flynn,NZ,17,15.20,63.33,24568.0,31.58,3.00,62.9,Left-hand bat,Left-arm slow
62,Ben Foakes,BT Foakes,ENG,1,-,80.26,6.0,-,0.00,-,Right-hand bat,-
63,Chris Foggo,CR Foggo,BMUDA,4,26.50,60.91,300.0,53.00,3.18,100.0,Right-hand bat,-
64,Peter Forrest,PJ Forrest,AUS,14,26.28,65.59,175.0,88.00,3.01,175.0,Right-hand bat,Right-arm medium
65,Bjorn Fortuin,BC Fortuin,SA,-,-,-,732.0,33.33,2.45,81.3,Right-hand bat,Slow left-arm orthodox
66,James Foster,JS Foster,ENG,6,13.66,57.74,108.0,-,8.27,-,Right-hand bat,-
67,Thinus Fourie,MJ Fourie,IRE,5,21.00,82.35,1212.0,26.64,2.24,71.2,Right-hand bat,Right-arm medium-fast
68,James Franklin,JEC Franklin,NZ,80,23.96,76.92,7892.0,31.09,3.30,56.3,Left-hand bat,Left-arm medium
69,Alexander French,AN French,HKG,2,12.00,28.57,102.0,14.00,3.29,25.5,Right-hand bat,Right-arm offbreak
70,Travis Friend,TJ Friend,ZIM,33,17.26,78.48,13540.0,21.28,2.43,52.4,Right-hand bat,Right-arm fast-medium
71,Jan Frylinck,JN Frylinck,NAM,8,24.16,100.69,-,-,-,-,Left-hand bat,Left-arm fast-medium
72,Peter Fulton,PG Fulton,NZ,46,32.53,72.77,186.0,120.00,3.87,186.0,Right-hand bat,Right-arm medium
73,Shannon Gabriel,ST Gabriel,WI,16,3.42,38.09,168.0,101.00,3.60,168.0,Right-hand bat,Right-arm fast
74,Indika Gallage,IS Gallage,SL,1,-,100.00,90.0,-,4.53,-,Right-hand bat,Right-arm fast-medium
75,Dharshana Gamage,D Gamage,SL,2,3.00,30.00,264.0,54.00,3.68,88.0,Right-hand bat,Right-arm medium-fast
76,Lahiru Gamage,PLS Gamage,SL,5,2.00,14.81,569.0,44.00,3.71,71.1,Right-hand bat,Right-arm fast-medium
77,Gautam Gambhir,G Gambhir,INDIA,143,39.68,85.25,1015.0,43.07,3.31,78.0,Left-hand bat,Legbreak
78,Akalanka Ganegama,WCA Ganegama,SL,2,3.50,77.77,36.0,-,4.50,-,Right-hand bat,Right-arm fast-medium
79,Daren Ganga,D Ganga,WI,32,27.16,60.05,6678.0,33.19,3.28,60.7,Right-hand bat,Right-arm offbreak
80,Sourav Ganguly,SC Ganguly,Asia/INDIA,147,36.80,73.41,2940.0,65.24,3.32,117.6,Left-hand bat,Right-arm medium
81,Hamish Gardiner,HJW Gardiner,SCOT,11,23.81,66.16,587.0,62.80,3.20,117.4,Right-hand bat,-
82,Leon Garrick,LV Garrick,WI,3,33.00,48.52,1130.0,38.10,4.04,56.5,Right-hand bat,Right-arm medium
83,Trevor Garwe,TN Garwe,ZIM,-,-,-,3398.9999999999995,45.32,3.44,79.0,Left-hand bat,Right-arm fast-medium
84,Shakti Gauchan,SP Gauchan,NEPAL,1,-,20.45,1287.0,50.83,4.26,71.5,Right-hand bat,Slow left-arm orthodox
85,Rohan Gavaskar,RS Gavaskar,INDIA,10,18.87,64.52,156.0,-,2.69,-,Left-hand bat,Slow left-arm orthodox
86,Willie Gavera,WT Gavera,PNG,1,-,66.66,12.0,-,2.50,-,Right-hand bat,Right-arm fast
87,Chris Gayle,CH Gayle,ICC/WI,275,39.18,88.35,5209.0,33.15,3.85,51.5,Left-hand bat,Right-arm offbreak
88,Brett Geeves,B Geeves,AUS,2,-,90.90,2970.0,57.32,3.24,106.0,Right-hand bat,Right-arm fast-medium
89,Shane Getkate,SC Getkate,IRE,2,23.00,100.00,-,-,-,-,Right-hand bat,Right-arm medium-fast
90,Ghulam Shabber,Ghulam Shabber,UAE,23,21.73,62.50,749.0,80.20,3.21,149.8,Left-hand bat,-
91,Treadwell Gibbons,T Gibbons,BMUDA,2,16.50,33.67,-,-,-,-,Left-hand bat,-
92,Herschelle Gibbs,HH Gibbs,SA,181,37.99,85.95,616.0,29.27,3.13,56.0,Right-hand bat,Right-arm bowler
93,Adam Gilchrist,AC Gilchrist,AUS/ICC,182,37.24,101.17,164.0,-,3.18,-,Left-hand bat,Right-arm offbreak
94,Ashley Giles,AF Giles,ENG,30,18.63,70.80,2853.0,38.64,3.41,67.9,Right-hand bat,Slow left-arm orthodox
95,Jason Gillespie,JN Gillespie,AUS,25,15.33,82.88,-,-,-,-,Right-hand bat,Right-arm fast
96,Mark Gillespie,MR Gillespie,NZ,14,15.50,78.81,-,-,-,-,Right-hand bat,Right-arm fast-medium
97,Peter Gillespie,PG Gillespie,IRE,4,0.50,14.28,-,-,-,-,Right-hand bat,Right-arm medium
98,Brandon Glover,BD Glover,NL,-,-,-,12.0,-,0.00,-,Right-hand bat,Right-arm fast
99,Dhiren Gondaria,DM Gondaria,KENYA,2,3.50,15.55,60.0,-,5.30,-,Right-hand bat,Right-arm medium-fast
100,Manpreet Gony,MS Gony,INDIA,-,-,-,1518.0,53.83,2.55,126.5,Right-hand bat,Right-arm medium
101,Jeremy Gordon,JOA Gordon,CAN,4,3.50,25.00,13300.0,34.63,3.39,61.2,Right-hand bat,Right-arm fast-medium
102,Tyson Gordon,TG Gordon,CAN,5,5.40,45.76,300.0,78.00,3.12,150.0,Left-hand bat,Right-arm fast-medium
103,Karima Gore,K Gore,USA,10,16.25,59.90,-,-,-,-,Right-hand bat,Slow left-arm orthodox
104,Gordon Goudie,G Goudie,SCOT,11,10.00,80.80,1164.0,30.56,2.52,72.7,Right-hand bat,Right-arm fast-medium
105,Darren Gough,D Gough,ENG/ICC,33,15.62,60.09,1057.0,32.18,2.92,66.0,Right-hand bat,Right-arm fast-medium
106,Victor Grandia,VD Grandia,NL,1,0.00,0.00,79.0,27.00,4.10,39.5,Right-hand bat,Right-arm medium
107,Paul Grayson,AP Grayson,ENG,1,6.00,50.00,5990.0,41.52,3.24,76.7,Right-hand bat,Slow left-arm orthodox
108,Zane Green,ZE Green,NAM,8,25.75,76.86,132.0,-,4.77,-,Left-hand bat,-
109,Trevor Gripper,TR Gripper,ZIM,8,10.00,42.78,84.0,-,4.35,-,Right-hand bat,Right-arm offbreak
110,Zhivago Groenewald,Z Groenewald,NAM,2,4.00,21.05,3876.0,52.87,2.70,117.4,Left-hand bat,Slow left-arm orthodox
111,Tim Gruijters,TGJ Gruijters,NL,4,22.66,58.62,483.0,172.50,4.28,241.5,Right-hand bat,Right-arm medium
112,Runish Gudhka,RD Gudhka,KENYA,2,17.00,121.42,336.0,59.25,4.23,84.0,Right-hand bat,Right-arm offbreak
113,Gulbadin Naib,Gulbadin Naib,AFG,56,21.68,73.10,-,-,-,-,Right-hand bat,Right-arm medium-fast
114,Asela Gunaratne,DAS Gunaratne,SL,25,27.38,79.41,462.0,42.62,4.42,57.7,Right-hand bat,Right-arm medium-fast
115,Pulasthi Gunaratne,PW Gunaratne,SL,8,7.20,57.14,-,-,-,-,Right-hand bat,Right-arm fast-medium
116,Ruvindu Gunasekera,R Gunasekera,CAN,19,23.94,67.20,5306.0,33.12,3.37,58.9,Left-hand bat,Legbreak googly
117,Danushka Gunathilaka,MD Gunathilaka,SL,37,34.69,85.90,12.0,-,2.50,-,Left-hand bat,Right-arm offbreak
118,Avishka Gunawardene,DA Gunawardene,SL,39,28.26,65.28,407.0,70.25,4.14,101.7,Left-hand bat,-
119,Sandeep Gupta,SK Gupta,KENYA,1,-,100.00,4730.0,34.77,3.08,67.5,Right-hand bat,-
120,Martin Guptill,MJ Guptill,NZ,180,42.50,87.45,84.0,69.00,4.92,84.0,Right-hand bat,Right-arm offbreak
121,Gurdeep Singh,Gurdeep Singh,KENYA,1,1.00,4.34,168.0,85.00,3.03,168.0,Left-hand bat,Legbreak
122,Gurkeerat Singh Mann,Gurkeerat Singh,INDIA,3,6.50,100.00,324.0,24.50,1.81,81.0,Right-hand bat,Right-arm offbreak
123,Harry Gurney,HF Gurney,ENG,6,7.50,45.45,708.0,31.33,3.18,59.0,Right-hand bat,Left-arm fast-medium
124,Manjula Guruge,AM Guruge,UAE,4,-,55.17,132.0,-,3.04,-,Right-hand bat,Left-arm fast-medium
125,Habibul Bashar,Habibul Bashar,BDESH,91,22.45,60.78,2902.0,33.02,3.00,65.9,Right-hand bat,Right-arm offbreak
126,Brad Haddin,BJ Haddin,AUS,115,31.53,84.24,84.0,32.00,2.28,84.0,Right-hand bat,-
127,Ryan Haire,RS Haire,IRE,2,28.00,77.77,90.0,67.00,4.46,90.0,Left-hand bat,Legbreak
128,Ollie Hairs,OJ Hairs,SCOT,5,13.60,68.00,-,-,-,-,Left-hand bat,Right-arm offbreak
129,Alex Hales,AD Hales,ENG,67,37.79,95.72,5103.0,35.72,3.19,67.1,Right-hand bat,Right-arm medium
130,Andrew Hall,AJ Hall,SA,39,19.03,78.71,132.0,-,3.13,-,Right-hand bat,Right-arm fast-medium
131,James Hall,JD Hall,IRE,3,9.33,37.33,720.0,50.66,3.80,80.0,Right-hand bat,Right-arm offbreak
132,Hamid Hassan,Hamid Hassan,AFG,22,6.68,54.87,3814.0,20.76,2.44,50.8,Right-hand bat,Right-arm fast
133,Gavin Hamilton,GM Hamilton,SCOT,33,32.70,66.23,132.0,-,4.81,-,Left-hand bat,Right-arm medium-fast
134,Lance Hamilton,LJ Hamilton,NZ,2,-,50.00,7619.0,30.47,2.85,64.0,Right-hand bat,Left-arm fast-medium
135,Hammad Azam,Hammad Azam,PAK,7,16.00,61.06,1733.0,60.52,4.40,82.5,Right-hand bat,Right-arm medium
136,Hamza Tahir,Hamza Tahir,SCOT,2,0.00,0.00,5171.0,24.36,2.99,48.7,Right-hand bat,Slow left-arm orthodox
137,Hamza Tariq,Hamza Tariq,CAN,7,16.57,73.88,-,-,-,-,Right-hand bat,-
138,Peter Handscomb,PSP Handscomb,AUS,20,33.26,97.38,4067.0,34.11,2.66,76.7,Right-hand bat,-
139,Hannan Sarkar,Hannan Sarkar,BDESH,20,19.15,53.71,712.0,38.90,3.27,71.2,Right-hand bat,Right-arm medium
140,Jimmy Hansra,AS Hansra,CAN,22,23.38,58.06,290.0,-,4.13,-,Right-hand bat,"Right-arm medium, Right-arm slow"
141,Majid Haq,RM Haq,SCOT,40,16.64,60.79,-,-,-,-,Left-hand bat,Right-arm offbreak
142,Harbhajan Singh,Harbhajan Singh,Asia/INDIA,123,13.64,81.48,546.0,31.75,2.79,68.2,Right-hand bat,Right-arm offbreak
143,Haris Sohail,Haris Sohail,PAK,40,46.11,85.17,383.0,29.40,2.30,76.6,Left-hand bat,Slow left-arm orthodox
144,Steve Harmison,SJ Harmison,ENG,25,8.27,64.53,8426.0,40.78,2.81,86.8,Right-hand bat,Right-arm fast-medium
145,Chris Harris,CZ Harris,NZ,75,25.32,60.95,-,-,-,-,Left-hand bat,Right-arm medium
146,Joe Harris,JV Harris,CAN,6,15.16,44.60,-,-,-,-,Right-hand bat,Right-arm offbreak
147,Paul Harris,PL Harris,SA,-,-,-,-,-,-,-,Right-hand bat,Slow left-arm orthodox
148,Ryan Harris,RJ Harris,AUS,13,8.00,100.00,7499.0,52.74,3.58,88.2,Right-hand bat,Right-arm fast
149,Matthew Hart,MN Hart,NZ,1,12.00,60.00,630.0,57.60,2.74,126.0,Left-hand bat,Slow left-arm orthodox
150,Robbie Hart,RG Hart,NZ,1,0.00,0.00,-,-,-,-,Right-hand bat,-
151,Ian Harvey,IJ Harvey,AUS,35,18.32,92.76,1651.0000000000002,79.00,4.01,117.9,Right-hand bat,Right-arm medium
152,Harvinder Singh,Harvinder Singh,INDIA,1,1.00,20.00,740.0,56.00,4.08,82.2,Right-hand bat,Right-arm fast-medium
153,Shane Harwood,SM Harwood,AUS,1,0.00,0.00,6.0,-,3.00,-,Right-hand bat,Right-arm fast-medium
154,Hasan Ali,Hasan Ali,PAK,29,14.00,113.36,150.0,54.00,4.32,75.0,Right-hand bat,Right-arm medium-fast
155,Haseeb Amjad,Haseeb Amjad,HKG,6,22.40,131.76,1065.0,51.38,3.76,81.9,Right-hand bat,Right-arm medium-fast
156,Hashmatullah Shahidi,Hashmatullah Shahidi,AFG,39,32.18,63.70,8897.0,27.36,3.32,49.4,Left-hand bat,Right-arm offbreak
157,Hasibul Hossain,Hasibul Hossain,BDESH,5,5.50,36.66,-,-,-,-,Right-hand bat,Right-arm fast-medium
158,John Hastings,JW Hastings,AUS,21,27.10,99.26,601.0,94.00,3.75,150.2,Right-hand bat,Right-arm fast-medium
159,Hasti Gul,Hasti Gul,AFG,1,-,209.09,-,-,-,-,Right-hand bat,Right-arm medium
160,Nathan Hauritz,NM Hauritz,AUS,32,22.40,96.27,-,-,-,-,Right-hand bat,Right-arm offbreak
161,Matthew Hayden,ML Hayden,AUS/ICC,137,45.61,80.75,-,-,-,-,Left-hand bat,Right-arm medium
162,Nantie Hayward,M Hayward,SA,-,-,-,192.0,132.00,4.12,192.0,Right-hand bat,Right-arm fast
163,Josh Hazlewood,JR Hazlewood,AUS,15,13.00,61.90,16498.0,27.66,3.10,53.3,Left-hand bat,Right-arm fast-medium
164,Hazratullah Zazai,Hazratullah Zazai,AFG,16,22.56,88.26,623.0,38.25,4.42,51.9,Left-hand bat,Slow left-arm orthodox
165,Travis Head,TM Head,AUS,39,34.40,90.02,66.0,-,4.54,-,Left-hand bat,Right-arm offbreak
166,Stewart Heaney,SP Heaney,CAN,4,10.25,44.56,90.0,-,3.26,-,Right-hand bat,Right-arm offbreak
167,Sam Heazlett,SD Heazlett,AUS,1,4.00,36.36,2489.0,48.00,3.35,85.8,Left-hand bat,Slow left-arm orthodox
168,Tom Heggelman,TJ Heggelman,NL,5,5.40,31.76,103.00000000000001,-,3.84,-,Right-hand bat,Right-arm medium
169,Riley Hekure,R Hekure,PNG,1,2.00,25.00,-,-,-,-,Right-hand bat,Right-arm medium
170,David Hemp,DL Hemp,BMUDA,22,33.73,70.28,120.0,-,5.70,-,Left-hand bat,Right-arm medium
171,Chandrapaul Hemraj,C Hemraj,WI,6,13.66,83.67,90.0,75.00,5.00,90.0,Left-hand bat,Slow left-arm orthodox
172,Claude Henderson,CW Henderson,SA,-,-,-,12.0,-,7.00,-,Right-hand bat,Slow left-arm orthodox
173,Beuran Hendricks,BE Hendricks,SA,2,5.00,35.71,42.0,12.00,1.71,42.0,Left-hand bat,Left-arm fast-medium
174,Reeza Hendricks,RR Hendricks,SA,21,26.68,76.24,183.0,49.50,3.24,91.5,Right-hand bat,Right-arm offbreak
175,Moises Henriques,MC Henriques,AUS,10,9.00,68.06,599.0,35.40,3.54,59.9,Right-hand bat,Right-arm fast-medium
176,Matt Henry,MJ Henry,NZ,21,15.07,100.00,108.0,20.00,2.22,54.0,Right-hand bat,Right-arm fast-medium
177,Rangana Herath,HMRKB Herath,SL,30,9.33,64.51,204.0,-,4.00,-,Left-hand bat,Slow left-arm orthodox
178,Shimron Hetmyer,SO Hetmyer,WI,42,36.66,106.87,25417.000000000004,21.23,2.49,51.0,Left-hand bat,-
179,Graeme Hick,GA Hick,ENG,3,19.66,38.31,558.0,78.00,3.35,139.5,Right-hand bat,Right-arm offbreak
180,Ryan Higgins,RS Higgins,ZIM,8,2.50,23.80,-,-,-,-,Right-hand bat,Legbreak
181,Ben Hilfenhaus,BW Hilfenhaus,AUS,11,9.66,42.02,570.0,16.38,2.24,43.8,Right-hand bat,Right-arm fast-medium
182,Ryan Hinds,RO Hinds,WI,9,16.83,59.41,-,-,-,-,Left-hand bat,Slow left-arm orthodox
183,Wavell Hinds,WW Hinds,WI,86,28.44,69.59,790.0,62.14,3.30,112.8,Left-hand bat,Right-arm medium
184,Hiri Hiri,H Hiri,PNG,7,21.75,63.50,-,-,-,-,Right-hand bat,Right-arm offbreak
185,Paul Hitchcock,PA Hitchcock,NZ,7,10.25,67.21,1365.0,63.30,3.61,105.0,Right-hand bat,Right-arm medium
186,Brad Hodge,BJ Hodge,AUS,21,30.26,87.51,492.0,94.00,3.43,164.0,Right-hand bat,Right-arm offbreak
187,Kyle Hodsoll,KC Hodsoll,BMUDA,2,2.00,28.57,1845.0,35.17,3.20,65.8,Right-hand bat,Right-arm medium-fast
188,Paul Hoffmann,PJC Hoffmann,SCOT,14,7.72,123.18,224.99999999999997,90.00,4.80,112.5,Right-hand bat,Right-arm medium-fast
189,Brad Hogg,GB Hogg,AUS,58,20.88,78.82,-,-,-,-,Left-hand bat,Slow left-arm chinaman
190,Matthew Hoggard,MJ Hoggard,ENG,6,4.25,56.66,114.0,-,3.52,-,Right-hand bat,Right-arm fast-medium
191,Jason Holder,JO Holder,WI,92,24.94,94.30,-,-,-,-,Right-hand bat,Right-arm medium-fast
192,Ian Holland,IG Holland,USA,8,30.50,76.48,78.0,-,3.69,-,Right-hand bat,Right-arm medium
193,Ben Hollioake,BC Hollioake,ENG,11,20.77,71.92,126.0,79.00,3.76,126.0,Right-hand bat,Right-arm fast-medium
194,Dennico Hollis,DAW Hollis,BMUDA,1,-,57.69,104.0,10.00,2.30,26.0,Right-hand bat,-
195,Douglas Hondo,DT Hondo,ZIM,29,7.47,51.00,574.0,303.00,3.16,574.0,Right-hand bat,Right-arm fast-medium
196,Calvert Hooper,CK Hooper,CAN,5,16.33,81.66,-,-,-,-,Right-hand bat,Right-arm fast-medium
197,Carl Hooper,CL Hooper,WI,40,34.81,80.97,1236.0,60.55,2.64,137.3,Right-hand bat,Right-arm offbreak
198,Kyle Hope,KA Hope,WI,6,23.00,71.87,1030.0,94.00,3.28,171.6,Right-hand bat,Right-arm offbreak
199,Shai Hope,SD Hope,WI,73,52.20,74.37,12.0,-,5.50,-,Right-hand bat,-
dispName,scoreName,team,innings,batAvg,batSR,careerBalls,bowlAvg,bowlEcon,bowlSR,batHand,bowlType
0,James Hopes,JR Hopes,AUS,61,25.01,93.71,1650.0,40.52,3.09,78.5,Right-hand bat,Right-arm medium
1,Gareth Hopkins,GJ Hopkins,NZ,17,14.75,75.88,601.0,26.84,3.48,46.2,Right-hand bat,-
2,Matt Horne,MJ Horne,NZ,6,23.33,66.03,492.0,123.50,3.01,246.0,Right-hand bat,Right-arm medium
3,Jamie How,JM How,NZ,37,29.05,66.53,180.0,-,3.10,-,Right-hand bat,"Right-arm medium, Right-arm offbreak"
4,Phillip Hughes,PJ Hughes,AUS,24,35.91,75.09,924.0,55.25,2.87,115.5,Left-hand bat,-
5,Humayun Farhat,Humayun Farhat,PAK,3,20.00,107.14,-,-,-,-,Right-hand bat,-
6,Kevin Hurdle,KAD Hurdle,BMUDA,13,10.62,84.15,-,-,-,-,Right-hand bat,Right-arm fast
7,Ryan Hurley,RO Hurley,WI,4,3.25,40.62,1565.0,58.00,4.00,86.9,Right-hand bat,Right-arm offbreak
8,Nasser Hussain,N Hussain,ENG,37,32.17,72.13,-,-,-,-,Right-hand bat,Legbreak
9,Omer Hussain,RO Hussain,SCOT,8,9.00,44.05,-,-,-,-,Left-hand bat,-
10,Hussain Butt,KH Butt,HKG,2,4.00,28.57,780.0,20.47,2.99,41.0,Right-hand bat,Right-arm fast-medium
11,Hussain Talat,Hussain Talat,PAK,1,2.00,14.28,-,-,-,-,Left-hand bat,Right-arm medium-fast
12,David Hussey,DJ Hussey,AUS,61,32.65,90.70,329.0,38.80,3.53,65.8,Right-hand bat,Right-arm offbreak
13,Michael Hussey,MEK Hussey,AUS,157,48.15,87.16,4.0,-,19.50,-,Left-hand bat,Right-arm medium
14,Elmore Hutchinson,EH Hutchinson,USA,5,18.75,117.18,174.0,19.00,2.62,43.5,Right-hand bat,Left-arm fast-medium
15,Danza Hyatt,DP Hyatt,WI,9,14.00,59.57,210.0,121.00,3.45,210.0,Right-hand bat,Right-arm medium
16,Ibrahim Zadran,Ibrahim Zadran,AFG,1,2.00,22.22,420.0,138.50,3.95,210.0,Right-hand bat,Right-arm medium-fast
17,Nicholas Ifill,N Ifill,CAN,3,5.33,35.55,1076.0,48.21,3.76,76.8,Right-hand bat,Right-arm medium
18,Iftikhar Ahmed,Iftikhar Ahmed,PAK,4,34.00,93.15,3278.9999999999995,41.20,3.24,76.2,Right-hand bat,Right-arm offbreak
19,Iftikhar Anjum,Iftikhar Anjum,PAK,34,15.60,61.90,7630.000000000001,31.86,3.08,62.0,Right-hand bat,Right-arm medium
20,Ihsanullah,Ihsanullah,AFG,16,21.92,69.77,-,-,-,-,Right-hand bat,-
21,Ikram Alikhil,Ikram Alikhil,AFG,12,26.00,60.62,128.0,10.33,2.90,21.3,Left-hand bat,-
22,Ilyas Gull,Ilyas Gull,HKG,2,8.50,28.81,739.0,25.06,3.05,49.2,Right-hand bat,Right-arm offbreak
23,Imad Wasim,Imad Wasim,PAK,39,41.39,109.67,-,-,-,-,Left-hand bat,Slow left-arm orthodox
24,Imam-ul-Haq,Imam-ul-Haq,PAK,37,53.84,80.47,17.0,-,4.58,-,Left-hand bat,-
25,Imran Farhat,Imran Farhat,PAK,58,30.69,69.06,587.0,36.60,3.74,58.7,Left-hand bat,Legbreak
26,Imran Haider,Imran Haider,UAE,14,8.28,42.64,822.0,83.00,3.02,164.4,Right-hand bat,Legbreak googly
27,Imran Nazir,Imran Nazir,PAK,50,24.24,88.13,1258.0,42.21,2.81,89.8,Right-hand bat,Legbreak
28,Imran Tahir,Imran Tahir,SA,36,7.85,69.77,1047.0,35.10,3.82,55.1,Right-hand bat,Legbreak googly
29,Imrul Kayes,Imrul Kayes,BDESH,78,32.02,71.10,19202.0,28.93,3.29,52.7,Left-hand bat,Slow left-arm orthodox
30,Colin Ingram,CA Ingram,SA,29,32.42,82.32,-,-,-,-,Left-hand bat,Legbreak
31,Peter Ingram,PJ Ingram,NZ,7,27.57,81.09,569.0,40.83,2.58,94.8,Right-hand bat,Right-arm offbreak
32,Inzamam-ul-Haq,Inzamam-ul-Haq,Asia/PAK,129,38.79,78.64,663.0,75.80,3.42,132.6,Right-hand bat,Slow left-arm orthodox
33,Moneeb Iqbal,MM Iqbal,SCOT,12,24.00,53.33,4394.0,33.27,3.31,60.1,Right-hand bat,Legbreak
34,Ronnie Irani,RC Irani,ENG,20,16.58,66.04,60.0,-,3.10,-,Right-hand bat,Right-arm medium
35,Anthony Ireland,AJ Ireland,ZIM,13,3.75,29.70,-,-,-,-,Right-hand bat,Right-arm medium
36,Irfan Ahmed,Irfan Ahmed,HKG,6,16.50,79.20,104.0,-,3.86,-,Right-hand bat,Right-arm fast-medium
37,Irfan Sajid,Irfan Sajid,UAE,1,2.00,40.00,-,-,-,-,Right-hand bat,Legbreak
38,Ishtiaq Muhammad,Ishtiaq Muhammad,HKG,1,-,-,7632.999999999999,30.26,2.68,67.5,Right-hand bat,Right-arm offbreak
39,Shreyas Iyer,SS Iyer,INDIA,16,49.86,100.80,2228.0,29.40,2.77,63.6,Right-hand bat,Legbreak googly
40,Izatullah Dawlatzai,Izatullah Dawlatzai,AFG,3,3.50,25.92,1440.0,19.25,3.85,30.0,Right-hand bat,Right-arm fast-medium
41,Ridley Jacobs,RD Jacobs,WI,60,24.62,77.79,1060.0,45.37,4.10,66.2,Left-hand bat,-
42,Ravindra Jadeja,RA Jadeja,INDIA,110,31.88,85.96,1605.9999999999998,29.90,3.57,50.1,Left-hand bat,Slow left-arm orthodox
43,Kedar Jadhav,KM Jadhav,INDIA,52,42.09,101.60,185.0,133.00,4.31,185.0,Right-hand bat,Right-arm offbreak
44,Wasim Jaffer,W Jaffer,INDIA,2,5.00,43.47,4964.0,33.05,2.39,82.7,Right-hand bat,Right-arm offbreak
45,Jahurul Islam,Jahurul Islam,BDESH,13,22.50,72.77,372.0,92.50,2.98,186.0,Right-hand bat,Right-arm offbreak
46,Jamaluddin Ahmed,Jamaluddin Ahmed,BDESH,1,-,64.28,707.0,44.77,3.42,78.5,Right-hand bat,Right-arm offbreak
47,Kyle Jamieson,KA Jamieson,NZ,1,-,104.16,-,-,-,-,Right-hand bat,Right-arm medium
48,Phil Jaques,PA Jaques,AUS,6,20.83,71.02,-,-,-,-,Left-hand bat,Left-arm medium
49,Kyle Jarvis,KM Jarvis,ZIM,33,9.65,65.87,937.0,31.05,3.38,55.1,Right-hand bat,Right-arm fast-medium
50,Jessy Singh,Jasdeep Singh,USA,3,3.66,28.20,12475.0,34.71,2.78,74.7,Right-hand bat,Right-arm medium
51,Jatinder Singh,Jatinder Singh,OMAN,11,16.54,53.21,450.0,146.00,3.89,225.0,Right-hand bat,Right-arm offbreak
52,Javed Ahmadi,Javed Ahmadi,AFG,41,23.80,75.60,-,-,-,-,Right-hand bat,Right-arm offbreak
53,Javed Omar,Javed Omar,BDESH,48,23.06,52.29,1889.0,26.22,2.58,60.9,Right-hand bat,Legbreak
54,Saman Jayantha,WS Jayantha,SL,17,26.66,75.47,-,-,-,-,Right-hand bat,Right-arm offbreak
55,Pradeep Jeyapragash,PS Jayaprakashdaran,SL,-,-,-,102.0,86.00,5.05,102.0,Right-hand bat,Right-arm fast-medium
56,Shehan Jayasuriya,GSNFG Jayasuriya,SL,10,21.66,71.42,-,-,-,-,Left-hand bat,Right-arm offbreak
57,Prabath Jayasuriya,NGRP Jayasuriya,SL,2,11.00,84.61,556.0,27.60,4.46,37.0,Right-hand bat,Slow left-arm orthodox
58,Sanath Jayasuriya,ST Jayasuriya,Asia/SL,222,34.89,92.07,-,-,-,-,Left-hand bat,Slow left-arm orthodox
59,Mahela Jayawardene,DPMD Jayawardene,Asia/SL,361,34.52,79.67,102.0,-,3.47,-,Right-hand bat,Right-arm medium
60,Prasanna Jayawardene,HAPW Jayawardene,SL,5,5.40,61.36,1625.0,33.31,2.70,73.8,Right-hand bat,-
61,Jay Odedra,Jay Odedra,OMAN,-,-,-,5833.0,47.35,3.16,89.7,Right-hand bat,Right-arm offbreak
62,Kerry Jeremy,KCB Jeremy,WI,3,6.50,46.42,2658.0,38.54,3.04,75.9,Right-hand bat,Right-arm fast-medium
63,Karun Jethi,K Jethi,CAN,3,43.50,110.12,-,-,-,-,Right-hand bat,Right-arm offbreak
64,Joginder Sharma,Joginder Sharma,INDIA,3,35.00,116.66,858.0,60.14,2.94,122.5,Right-hand bat,Right-arm fast-medium
65,Howard Johnson,HR Johnson,USA,2,9.00,45.00,347.0,41.50,2.87,86.7,Right-hand bat,Right-arm medium-fast
66,Leon Johnson,LR Johnson,WI,6,16.33,56.00,5884.0,32.26,3.28,58.8,Left-hand bat,Legbreak
67,Mitchell Johnson,MG Johnson,AUS,91,16.11,96.35,-,-,-,-,Left-hand bat,Left-arm fast
68,Mark Johnson,MR Johnson,USA,2,10.00,105.26,181.0,48.00,3.18,90.5,Left-hand bat,-
69,Richard Johnson,RL Johnson,ENG,4,5.33,80.00,3962.9999999999995,26.33,3.22,48.9,Right-hand bat,Right-arm medium
70,Trent Johnston,DT Johnston,IRE,53,19.55,94.64,342.0,31.50,3.31,57.0,Right-hand bat,Right-arm fast-medium
71,Geraint Jones,GO Jones,ENG/PNG,43,24.62,77.17,102.0,-,3.17,-,Right-hand bat,-
72,Michael Jones,MA Jones,SCOT,8,35.12,70.07,10246.0,35.33,3.22,65.6,Right-hand bat,Right-arm offbreak
73,Malachi Jones,MO Jones,BMUDA,12,11.30,75.83,-,-,-,-,Right-hand bat,Right-arm medium-fast
74,Nigel Jones,NG Jones,IRE,9,14.80,72.54,954.0,59.36,4.10,86.7,Right-hand bat,Right-arm medium
75,Richard Jones,RA Jones,NZ,5,33.60,51.06,746.0,28.78,3.24,53.2,Right-hand bat,-
76,Simon Jones,SP Jones,ENG,1,1.00,50.00,1371.0,43.77,3.44,76.1,Left-hand bat,Right-arm fast-medium
77,Luke Jongwe,LM Jongwe,ZIM,19,14.75,77.88,120.0,34.50,3.45,60.0,Right-hand bat,Right-arm fast-medium
78,Christiaan Jonker,C Jonker,SA,2,15.50,93.93,114.0,62.00,3.26,114.0,Right-hand bat,Right-arm medium-fast
79,Mark Jonkman,MBS Jonkman,NL,9,11.80,74.68,2515.0,37.26,3.37,66.1,Right-hand bat,Right-arm fast
80,Maurits Jonkman,MMA Jonkman,NL,2,10.00,39.21,250.0,13.36,3.52,22.7,Right-hand bat,Right-arm medium
81,Sundeep Jora,S Jora,NEPAL,1,19.00,95.00,11391.0,22.32,2.63,50.8,Right-hand bat,-
82,Chris Jordan,CJ Jordan,ENG,23,12.14,88.08,-,-,-,-,Right-hand bat,Right-arm fast-medium
83,Alzarri Joseph,AS Joseph,WI,13,20.16,77.07,-,-,-,-,Right-hand bat,Right-arm fast-medium
84,Davis Joseph,D Joseph,CAN,3,-,54.16,1824.0,45.19,3.86,70.1,Right-hand bat,Right-arm medium-fast
85,Sylvester Joseph,SC Joseph,WI,9,16.62,50.00,1311.0,88.60,4.05,131.1,Right-hand bat,Right-arm offbreak
86,Sunil Joshi,SB Joshi,INDIA,1,19.00,82.60,2659.0,37.46,3.46,64.8,Left-hand bat,Slow left-arm orthodox
87,Dom Joyce,DI Joyce,IRE,3,9.66,51.78,13573.999999999998,25.77,2.48,62.2,Right-hand bat,-
88,Ed Joyce,EC Joyce,ENG/IRE,77,38.00,72.23,360.0,187.00,3.11,360.0,Left-hand bat,Right-arm medium
89,Jubair Hossain,Jubair Hossain,BDESH,1,5.00,55.55,-,-,-,-,Right-hand bat,Legbreak
90,Junaid Khan,Junaid Khan,PAK,31,4.85,53.54,-,-,-,-,Right-hand bat,Left-arm fast
91,Junaid Siddique,Junaid Siddique,BDESH,53,23.00,68.22,252.0,19.66,2.80,42.0,Left-hand bat,Right-arm offbreak
92,Junaid Siddiqui,Junaid Siddiqui,CAN,8,13.40,46.52,7077.0,47.85,3.44,83.2,Right-hand bat,Legbreak
93,Junaid Siddique,Junaid Siddique,UAE,4,5.00,29.41,6.0,-,0.00,-,Right-hand bat,Right-arm medium-fast
94,Junaid Zia,Junaid Zia,PAK,2,2.00,28.57,48.0,-,4.50,-,Right-hand bat,Right-arm medium-fast
95,Sandeep Jyoti,S Jyoti,CAN,13,22.00,59.72,-,-,-,-,Right-hand bat,Right-arm offbreak
96,Roy Kaia,R Kaia,ZIM,-,-,-,780.0,37.27,3.15,70.9,Right-hand bat,Right-arm offbreak
97,Mohammad Kaif,M Kaif,INDIA,110,32.01,72.03,4327.0,35.97,3.74,57.6,Right-hand bat,Right-arm offbreak
98,Abhijit Kale,AV Kale,INDIA,1,10.00,45.45,138.0,-,3.47,-,Right-hand bat,Right-arm offbreak
99,Kaleemullah,Kaleemullah,OMAN,3,1.00,28.57,570.0,71.66,4.52,95.0,Right-hand bat,Right-arm medium
100,Jacques Kallis,JH Kallis,Afr/ICC/SA,201,45.73,75.74,480.0,36.00,3.15,68.5,Right-hand bat,Right-arm fast-medium
101,Suraj Randiv,S Randiv,SL,18,17.50,73.29,6087.0,35.78,2.82,76.0,Right-hand bat,Right-arm offbreak
102,Romesh Kaluwitharana,RS Kaluwitharana,SL,40,25.54,66.50,96.0,47.00,2.93,96.0,Right-hand bat,-
103,Jimmy Kamande,JK Kamande,KENYA,70,17.25,62.99,-,-,-,-,Right-hand bat,Right-arm offbreak
104,Kamran Akmal,Kamran Akmal,PAK,138,26.09,83.94,6.0,-,2.00,-,Right-hand bat,-
105,Kamran Hussain,Kamran Hussain,PAK,1,-,133.33,90.0,-,1.60,-,Right-hand bat,Left-arm fast-medium
106,Kamran Shazad,Kamran Shazad,UAE,3,11.00,88.00,859.9999999999999,37.14,3.62,61.4,Right-hand bat,Right-arm medium-fast
107,Tafadzwa Kamungozi,TP Kamungozi,ZIM,11,5.40,49.09,54.0,28.00,3.11,54.0,Right-hand bat,Legbreak
108,Tinashe Kamunhukamwe,TS Kamunhukamwe,ZIM,6,15.50,69.40,150.0,-,1.16,-,Right-hand bat,Right-arm offbreak
109,Kenneth Kamyuka,K Kamyuka,CAN,1,2.00,100.00,8010.999999999999,22.95,3.38,40.6,Right-hand bat,Right-arm fast-medium
110,Thilina Kandamby,SHT Kandamby,SL,36,29.00,69.60,-,-,-,-,Left-hand bat,Legbreak
111,Arvind Kandappah,AL Kandappah,CAN,2,97.00,62.17,-,-,-,-,Right-hand bat,-
112,Chamara Kapugedera,CK Kapugedera,SL,84,21.09,72.04,4227.0,39.03,3.21,72.8,Right-hand bat,Right-arm medium
113,Karan KC,Karan KC,NEPAL,7,6.14,63.23,-,-,-,-,Right-hand bat,Right-arm fast
114,Morne Karg,M Karg,NAM,2,22.50,69.23,-,-,-,-,Right-hand bat,-
115,Aasif Karim,AY Karim,KENYA,2,-,0.00,1041.0,46.38,3.47,80.0,Right-hand bat,Slow left-arm orthodox
116,Irfan Karim,IA Karim,KENYA,9,44.00,75.86,438.0,134.00,3.67,219.0,Left-hand bat,Right-arm offbreak
117,Karim Janat,Karim Janat,AFG,1,9.00,27.27,1402.0,30.52,3.26,56.0,Right-hand bat,Right-arm medium
118,Karim Sadiq,Karim Sadiq,AFG,22,23.75,80.91,210.0,116.00,3.31,210.0,Right-hand bat,Right-arm offbreak
119,Dinesh Karthik,KD Karthik,INDIA,79,30.20,73.24,-,-,-,-,Right-hand bat,Right-arm offbreak
120,Murali Kartik,M Kartik,INDIA,14,14.00,70.78,-,-,-,-,Left-hand bat,Slow left-arm orthodox
121,Dimuth Karunaratne,FDM Karunaratne,SL,27,27.32,74.23,30.0,-,4.80,-,Left-hand bat,Right-arm medium
122,Kashif Raza,Kashif Raza,PAK,1,-,100.00,2727.0,34.81,2.52,82.6,Right-hand bat,Right-arm medium
123,Michael Kasprowicz,MS Kasprowicz,AUS,5,6.00,52.17,3440.0000000000005,34.79,2.97,70.2,Right-hand bat,Right-arm fast-medium
124,Friday Kasteni,F Kasteni,ZIM,3,6.00,42.85,48.0,-,3.87,-,Left-hand bat,Left-arm slow
125,Eion Katchay,E Katchay,CAN,3,11.50,56.09,443.0,38.00,4.11,55.3,Right-hand bat,Right-arm fast-medium
126,Simon Katich,SM Katich,AUS,42,35.78,68.74,42.0,17.00,2.42,42.0,Left-hand bat,Slow left-arm chinaman
127,Siddarth Kaul,S Kaul,INDIA,2,0.50,33.33,3816.0,39.83,3.75,63.6,Right-hand bat,Right-arm medium
128,Tharindu Kaushal,PHT Kaushal,SL,1,0.00,0.00,937.9999999999999,21.08,3.10,40.7,Right-hand bat,Right-arm offbreak
129,Stefan Kelly,SKW Kelly,BMUDA,6,-,45.16,-,-,-,-,Right-hand bat,Right-arm fast-medium
130,Justin Kemp,JM Kemp,Afr/SA,66,31.50,83.12,6.0,-,1.00,-,Right-hand bat,Right-arm fast-medium
131,Jon Kent,JC Kent,SA,-,-,-,84.0,34.00,2.42,84.0,Right-hand bat,Right-arm medium-fast
132,Alexei Kervezee,AN Kervezee,NL,36,28.00,73.15,-,-,-,-,Right-hand bat,Right-arm medium
133,Shaheed Keshvani,S Keshvani,CAN,2,10.50,55.26,105.0,26.66,4.57,35.0,Right-hand bat,Right-arm offbreak
134,Danie Keulder,D Keulder,NAM,6,22.00,60.00,-,-,-,-,Right-hand bat,Right-arm offbreak
135,Rob Key,RWT Key,ENG,5,10.80,40.00,180.0,44.00,2.93,90.0,Right-hand bat,Right-arm offbreak
136,Paras Khadka,P Khadka,NEPAL,10,35.00,79.14,6.0,-,9.00,-,Right-hand bat,"Right-arm medium-fast, Right-arm offbreak"
137,Subash Khakurel,SP Khakurel,NEPAL,5,18.80,50.53,24.0,-,3.25,-,Right-hand bat,-
138,Khaled Mahmud,Khaled Mahmud,BDESH,54,14.74,69.43,186.0,43.50,2.80,93.0,Right-hand bat,Right-arm medium
139,Khaled Mashud,Khaled Mashud,BDESH,82,24.96,54.84,-,-,-,-,Right-hand bat,-
140,Khalid Khan,Khalid Khan,HKG,2,2.50,62.50,306.0,20.50,2.41,51.0,Right-hand bat,Right-arm medium-fast
141,Khalid Latif,Khalid Latif,PAK,5,29.40,64.47,60.0,20.00,2.00,60.0,Right-hand bat,Right-arm offbreak
142,Khaliq Dad,Khaliq Dad,AFG,4,13.33,57.97,10720.0,27.51,3.09,53.3,Right-hand bat,Right-arm fast-medium
143,Zaheer Khan,Z Khan,Asia/INDIA,95,11.48,71.49,1860.0,39.68,3.20,74.4,Right-hand bat,Left-arm fast-medium
144,Usman Khawaja,UT Khawaja,AUS,39,42.00,84.09,-,-,-,-,Left-hand bat,Right-arm medium
145,Khawar Ali,Khawar Ali,OMAN,11,24.50,55.42,18.0,-,5.66,-,Right-hand bat,Legbreak
146,Amay Khurasiya,AR Khurasiya,INDIA,2,6.00,48.00,-,-,-,-,Left-hand bat,Slow left-arm orthodox
147,Khurram Chohan,Khurram Chohan,CAN,19,12.69,57.89,536.0,19.64,3.73,31.5,Right-hand bat,Right-arm fast-medium
148,Khurram Khan,Khurram Khan,UAE,16,41.57,80.27,-,-,-,-,Left-hand bat,Slow left-arm orthodox
149,Khurram Manzoor,Khurram Manzoor,PAK,7,33.71,62.93,2660.0,50.07,3.16,95.0,Right-hand bat,Right-arm offbreak
150,Khurram Nawaz,Khurram Nawaz,OMAN,2,26.00,53.06,-,-,-,-,Right-hand bat,-
151,Gary Kidd,GE Kidd,IRE,1,15.00,60.00,4223.0,76.77,3.92,117.3,Left-hand bat,Slow left-arm orthodox
152,Craig Kieswetter,C Kieswetter,ENG,40,30.11,89.93,664.0,108.00,3.90,166.0,Right-hand bat,Right-arm offbreak
153,Jason Kila,J Kila,PNG,6,13.50,85.71,138.0,104.00,4.52,138.0,Left-hand bat,Slow left-arm orthodox
154,Brandon King,BA King,WI,4,24.25,67.36,6.0,-,2.00,-,Right-hand bat,-
155,Reon King,RD King,WI,1,-,30.00,492.0,56.00,3.41,98.4,Right-hand bat,Right-arm fast-medium
156,Vivian Kingma,VJ Kingma,NL,-,-,-,144.0,-,4.08,-,Right-hand bat,Right-arm medium
157,Gary Kirsten,G Kirsten,SA,37,40.21,75.70,11592.0,28.10,2.58,65.1,Left-hand bat,Right-arm offbreak
158,James Kirtley,RJ Kirtley,ENG,2,1.00,18.18,-,-,-,-,Right-hand bat,Right-arm fast-medium
159,Heinrich Klaasen,H Klaasen,SA,16,41.08,94.80,492.99999999999994,35.28,3.00,70.4,Right-hand bat,-
160,Fred Klaassen,FJ Klaassen,NL,3,15.00,57.69,-,-,-,-,Right-hand bat,Left-arm medium-fast
161,Rory Kleinveldt,RK Kleinveldt,SA,7,15.00,84.67,-,-,-,-,Right-hand bat,Right-arm fast-medium
162,Feiko Kloppenburg,JF Kloppenburg,NL,6,27.50,62.26,330.0,77.33,4.21,110.0,Right-hand bat,Right-arm medium
163,Lance Klusener,L Klusener,SA,46,37.17,90.52,-,-,-,-,Left-hand bat,Right-arm fast-medium
164,Nick Knight,NV Knight,ENG,47,40.78,73.08,137.0,106.00,4.64,137.0,Left-hand bat,Right-arm medium
165,Virat Kohli,V Kohli,INDIA,239,59.33,93.25,1327.0,45.93,3.11,88.4,Right-hand bat,Right-arm medium
166,Bjorn Kotze,BL Kotze,NAM,4,9.00,52.94,-,-,-,-,Right-hand bat,Right-arm fast-medium
167,Deon Kotze,DB Kotze,NAM,6,16.40,60.74,-,-,-,-,Right-hand bat,Right-arm offbreak
168,JP Kotze,JP Kotze,NAM,8,37.37,88.72,6215.0,35.79,2.90,73.9,Left-hand bat,-
169,Jason Krejza,JJ Krejza,AUS,2,13.00,56.52,4158.0,59.56,3.35,106.6,Right-hand bat,Right-arm offbreak
170,Krishna Chandran,Krishna Chandran,UAE,10,16.75,48.90,2063.0,34.48,3.71,55.7,Right-hand bat,Right-arm medium-fast
171,Bradley Kruger,BP Kruger,NL,3,10.66,64.00,2217.0,43.86,3.56,73.9,Right-hand bat,Right-arm fast-medium
172,Courtney Kruger,CK Kruger,HKG,2,1.50,15.00,84.0,-,3.50,-,Right-hand bat,Right-arm offbreak
173,Garnett Kruger,GJP Kruger,SA,2,0.00,0.00,74.0,39.00,6.32,37.0,Right-hand bat,Right-arm medium-fast
174,Neil Kruger,N Kruger,NL,2,19.50,52.00,3746.0000000000005,44.71,2.79,96.0,Right-hand bat,Right-arm medium
175,Scott Kuggeleijn,SC Kuggeleijn,NZ,1,-,183.33,444.0,62.00,4.18,88.8,Right-hand bat,Right-arm fast-medium
176,Kosala Kulasekara,CKB Kulasekara,SL,3,12.66,52.77,4728.0,30.33,2.84,63.8,Right-hand bat,Right-arm fast-medium
177,Nuwan Kulasekara,KMDN Kulasekara,SL,123,15.43,81.46,252.0,33.50,3.19,63.0,Right-hand bat,Right-arm fast-medium
178,Kuldeep Yadav,Kuldeep Yadav,INDIA,21,13.11,62.76,-,-,-,-,Left-hand bat,Slow left-arm chinaman
179,Dhawal Kulkarni,DS Kulkarni,INDIA,2,-,96.42,2010.0,49.86,3.42,87.3,Right-hand bat,Right-arm medium
180,Nitish Kumar,NR Kumar,CAN,15,15.50,54.65,294.0,73.00,2.97,147.0,Right-hand bat,Right-arm offbreak
181,Bhuvneshwar Kumar,B Kumar,INDIA,52,14.21,74.82,3731.0,47.35,3.04,93.2,Right-hand bat,Right-arm medium
182,Praveen Kumar,P Kumar,INDIA,33,13.90,88.21,138.0,-,4.17,-,Right-hand bat,Right-arm medium
183,Lahiru Kumara,CBRLS Kumara,SL,6,5.66,37.77,2576.0,23.03,2.73,50.5,Left-hand bat,Right-arm fast
184,Anil Kumble,A Kumble,Asia/INDIA,34,10.09,50.56,-,-,-,-,Right-hand bat,Legbreak googly
185,Kushal Malla,Kushal Malla,NEPAL,2,39.00,104.00,885.0000000000001,38.83,3.15,73.7,Left-hand bat,Slow left-arm orthodox
186,Marnus Labuschagne,M Labuschagne,AUS,6,50.83,94.42,-,-,-,-,Right-hand bat,Legbreak
187,Suranga Lakmal,RAS Lakmal,SL,48,9.38,60.39,1734.0,55.41,3.25,102.0,Right-hand bat,Right-arm fast-medium
188,Chamila Gamage,MKGCP Lakshitha,SL,2,7.00,58.33,30.0,-,6.20,-,Right-hand bat,Right-arm fast-medium
189,Ajay Lalcheta,AV Lalcheta,OMAN,2,9.00,38.29,5380.0,51.81,4.16,74.7,Left-hand bat,Slow left-arm orthodox
190,Sher Lama,SB Lama,HKG,1,-,33.33,1607.0,27.96,3.13,53.5,Right-hand bat,Right-arm medium
191,Greg Lamb,GA Lamb,ZIM,14,17.90,51.70,2007.0,40.17,3.36,71.6,Right-hand bat,Right-arm offbreak
192,Clayton Lambert,CB Lambert,USA,1,39.00,46.42,1194.0,37.15,3.54,62.8,Left-hand bat,Right-arm offbreak
193,Sandeep Lamichhane,S Lamichhane,NEPAL,8,13.00,74.28,-,-,-,-,Right-hand bat,Legbreak googly
194,Roy Lamsam,JPR Lamsam,HKG,2,12.00,51.06,-,-,-,-,Right-hand bat,Right-arm medium
195,Charl Langeveldt,CK Langeveldt,SA,21,6.63,58.87,102.0,15.75,3.70,25.5,Right-hand bat,Right-arm fast-medium
196,Dave Langford-Smith,D Langford-Smith,IRE,17,15.77,106.76,483.0,46.33,3.45,80.5,Right-hand bat,Right-arm fast-medium
197,Brian Lara,BC Lara,ICC/WI,120,37.66,79.63,6.0,-,5.00,-,Left-hand bat,Legbreak googly
198,Tom Latham,TWM Latham,NZ,92,32.87,83.41,438.99999999999994,29.00,3.56,48.7,Left-hand bat,Right-arm medium
199,Ben Laughlin,B Laughlin,AUS,1,-,11.11,78.0,22.00,3.38,39.0,Right-hand bat,Right-arm fast-medium
